Player,Span,Matches,Starts,Subs,Points,Tries,Conversions,Penalties,Drop Goals,Won,Lost,Drawn
William Allen,1875-1875,1,1,0,0,0,0,0,0,0,0,1
George Andrews,1875-1875,2,2,0,0,0,0,0,0,0,0,2
W.H. Ash,1875-1877,3,3,0,0,0,0,0,0,0,0,3
Maurice Barlow,1875-1875,1,1,0,0,0,0,0,0,0,0,1
Richard Bell,1875-1875,2,2,0,0,0,0,0,0,0,0,2
Brab Casement,1875-1879,3,3,0,0,0,0,0,0,0,0,3
Abram Combe,1875-1875,1,1,0,0,0,0,0,0,0,0,1
Henry Cox,1875-1877,4,4,0,0,0,0,0,0,0,0,4
Abraham Cronyn,1875-1880,3,3,0,0,0,0,0,0,0,0,3
William Gaffikin,1875-1875,1,1,0,0,0,0,0,0,0,0,1
Edgar Galbraith,1875-1875,1,1,0,0,0,0,0,0,0,0,1
Richard Galbraith,1875-1877,3,3,0,0,0,0,0,0,0,0,3
Francis Hewson,1875-1875,1,1,0,0,0,0,0,0,0,0,1
Sandy McDonald,1875-1884,13,13,0,0,0,0,0,0,0,1,11
Edward MacIlwaine,1895-1895,2,2,0,0,0,0,0,0,0,0,2
Robert Maginniss,1875-1875,2,2,0,0,0,0,0,0,0,0,2
John Myles,1875-1875,1,1,0,0,0,0,0,0,0,0,1
George Stack,1875-1875,1,1,0,0,0,0,0,0,0,0,1
Robert Walkington,1875-1882,10,10,0,0,0,0,0,0,0,0,9
Henry Walsh,1875-1875,2,2,0,0,0,0,0,0,0,0,2
David Arnott,1875-1875,1,1,0,0,0,0,0,0,0,0,1
Tim Cuscaden,1875-1875,1,1,0,0,0,0,0,0,0,0,1
William Finlay,1875-1882,8,8,0,0,0,0,0,0,0,0,8
R. Greer,1875-1875,1,1,0,0,0,0,0,0,0,0,1
Edward Hobson,1875-1875,1,1,0,0,0,0,0,0,0,0,1
John Ireland,1875-1877,2,2,0,0,0,0,0,0,0,0,2
Hamilton Moore,1875-1877,2,2,0,0,0,0,0,0,0,0,2
Ashley Westby,1875-1875,1,1,0,0,0,0,0,0,0,0,1
Harry Brown,1877-1877,1,1,0,0,0,0,0,0,0,0,1
Thomas Brown,1877-1877,2,2,0,0,0,0,0,0,0,0,2
Henry Edwards,1877-1878,2,2,0,0,0,0,0,0,0,0,2
Thomas Gordon,1877-1878,3,3,0,0,0,0,0,0,0,0,3
William Hamilton,1877-1877,1,1,0,0,0,0,0,0,0,0,1
Harry Jackson,1877-1877,1,1,0,0,0,0,0,0,0,0,1
Hugh Kelly,1877-1880,6,6,0,0,0,0,0,0,0,0,6
Frederick Kidd,1877-1878,3,3,0,0,0,0,0,0,0,0,3
Augustus Whitestone,1877-1883,5,5,0,0,0,0,0,0,0,0,5
William Wilson,1877-1877,2,2,0,0,0,0,0,0,0,0,2
J. Currell,1877-1877,1,1,0,0,0,0,0,0,0,0,1
James Heron,1877-1879,2,2,0,0,0,0,0,0,0,0,2
Henry Murray,1877-1879,3,3,0,0,0,0,0,0,0,0,3
Garvett Shaw,1877-1877,1,1,0,0,0,0,0,0,0,0,1
Edward Croker,1878-1878,1,1,0,0,0,0,0,0,0,0,1
George Fagan,1878-1878,1,1,0,0,0,0,0,0,0,0,1
W. Griffiths,1878-1878,1,1,0,0,0,0,0,0,0,0,1
Barney Hughes,1878-1886,12,12,0,0,0,0,0,0,0,1,10
Robert Matier,1878-1879,2,2,0,0,0,0,0,0,0,0,2
William Moore,1878-1878,1,1,0,0,0,0,0,0,0,0,1
Frederick Schute,1878-1879,2,2,0,0,0,0,0,0,0,0,2
Arthur Archer,1879-1879,1,1,0,0,0,0,0,0,0,0,1
Jack Bagot,1879-1881,5,5,0,1,0,0,0,1,0,1,4
William Cummins,1879-1882,3,3,0,0,0,0,0,0,0,0,2
William Goulding,1879-1879,1,1,0,0,0,0,0,0,0,0,1
Thomas Harrison,1879-1881,3,3,0,0,0,0,0,0,0,0,3
William Neville,1879-1879,2,2,0,0,0,0,0,0,0,0,2
Henry Purdon,1879-1881,5,5,0,0,0,0,0,0,0,1,4
George Scriven,1879-1883,8,8,0,0,0,0,0,0,0,0,8
John Taylor,1879-1883,8,8,0,0,0,0,0,0,0,1,6
James Bristow,1879-1879,1,1,0,0,0,0,0,0,0,0,1
John Cuppaidge,1879-1880,3,3,0,0,1,0,0,0,0,0,3
Jack Keon,1879-1879,1,1,0,0,0,0,0,0,0,0,1
William Pike,1879-1883,5,5,0,0,0,0,0,0,0,1,3
Willington Willis,1879-1879,1,1,0,0,0,0,0,0,0,0,1
Arthur Forrest,1880-1885,8,8,0,0,1,0,0,0,0,1,6
William Heron,1880-1880,2,2,0,0,0,0,0,0,0,0,2
Meredith Johnston,1880-1886,8,8,0,0,1,0,0,0,0,1,6
Francis Kennedy,1880-1882,3,3,0,0,0,0,0,0,0,0,3
Alfred Miller,1880-1883,3,3,0,0,0,0,0,0,0,0,3
William Wallis,1880-1883,5,5,0,0,0,0,0,0,0,1,4
David Browning,1881-1881,2,2,0,0,0,0,0,0,0,1,1
John Burkitt,1881-1881,1,1,0,0,0,0,0,0,0,0,1
Alfred MacMullen,1881-1881,2,2,0,0,0,0,0,0,0,1,1
Jones Morell,1881-1882,4,4,0,0,0,0,0,0,0,1,2
William Peirce,1881-1881,1,1,0,0,0,0,0,0,0,0,1
Henry Spunner,1881-1884,3,3,0,0,0,0,0,0,0,1,2
Jack Johnston,1881-1887,9,9,0,0,0,0,0,0,0,2,7
Robert McLean,1881-1885,10,10,0,0,0,0,0,0,0,1,8
Joseph Atkinson,1882-1882,2,2,0,0,0,0,0,0,0,0,2
Gerrard Bent,1882-1882,2,2,0,0,0,0,0,0,0,0,1
Arthur Downing,1882-1882,1,1,0,0,0,0,0,0,0,0,1
William Fletcher,1882-1883,3,3,0,0,0,0,0,0,0,0,3
Ernest Greene,1882-1886,4,4,0,0,1,0,0,0,0,0,4
Frederick Heuston,1882-1883,3,3,0,0,0,0,0,0,0,0,3
John Kennedy,1882-1884,2,2,0,0,0,0,0,0,0,0,2
Ted McCarthy,1882-1882,1,1,0,0,0,0,0,0,0,0,1
Thomas McCarthy,1882-1882,1,1,0,0,0,0,0,0,0,0,1
Bob Thompson,1882-1882,1,1,0,0,0,0,0,0,0,0,1
Thomas Johnson-Smyth,1882-1882,1,1,0,0,0,0,0,0,0,0,0
Robert Nelson,1882-1886,4,4,0,0,0,0,0,0,0,0,3
Oliver Stokes,1882-1884,2,2,0,0,1,0,0,0,0,0,1
Edward Wolfe,1882-1882,1,1,0,0,0,0,0,0,0,0,0
John Buchanan,1882-1884,3,3,0,0,0,0,0,0,0,0,3
Robert Morrow,1986-1986,3,3,0,0,0,0,0,0,0,3,0
Alexander O'Sullivan,1882-1882,1,1,0,0,0,0,0,0,0,0,1
Joe Pedlow,1882-1884,2,2,0,0,0,0,0,0,0,0,2
Stewart Bruce,1883-1884,3,3,0,0,0,0,0,0,0,0,3
Henry King,1883-1883,2,2,0,0,0,0,0,0,0,0,2
Frank Moore,1883-1884,4,4,0,0,0,0,0,0,0,0,4
Rowland Scovell,1883-1884,2,2,0,0,0,0,0,0,0,0,2
Peyton Warren,1883-1883,1,1,0,0,0,0,0,0,0,0,1
Samuel Collier,1883-1883,1,1,0,0,0,0,0,0,0,0,1
Henry Brabazon,1884-1886,3,3,0,0,0,0,0,0,0,0,3
William Higgin,1884-1884,2,2,0,0,0,0,0,0,0,0,2
Francis Levis,1884-1884,1,1,0,0,0,0,0,0,0,0,1
Daniel Ross,1884-1886,5,5,0,0,0,0,0,0,0,0,5
William Rutherford,1884-1888,6,6,0,0,0,0,0,0,0,1,5
Alexander Gordon,1884-1884,1,1,0,0,0,0,0,0,0,0,1
Thomas Hobbs,1884-1885,2,2,0,0,0,0,0,0,0,0,2
Walter Kelly,1884-1884,1,1,0,0,0,0,0,0,0,0,1
Lewis McIntosh,1884-1884,1,1,0,0,1,0,0,0,0,0,1
Forbes Maguire,1884-1884,1,1,0,0,0,0,0,0,0,0,1
John O'Sullivan,1884-1887,2,2,0,0,0,0,0,0,0,0,2
George Wheeler,1884-1885,2,2,0,0,0,0,0,0,0,0,2
William Collis,1924-1926,7,7,0,0,0,0,0,0,0,4,2
Herbert Cook,1884-1884,1,1,0,0,0,0,0,0,0,0,1
John Fitzgerald,1988-1994,12,12,0,4,1,0,0,0,3,8,1
William Hallaran,1884-1884,1,1,0,0,0,0,0,0,0,0,1
Bruce Hamilton,1884-1884,1,1,0,0,0,0,0,0,0,0,1
Walter Johnstone,1884-1884,1,1,0,0,0,0,0,0,0,0,1
Charles Jordan,1884-1884,1,1,0,0,0,0,0,0,0,0,1
John McDaniel,1884-1884,1,1,0,0,0,0,0,0,0,0,1
Frederick Moore,1884-1886,4,4,0,0,0,0,0,0,0,0,4
Lambert Moyers,1884-1884,1,1,0,0,0,0,0,0,0,0,1
Thomas Allen,1885-1885,2,2,0,0,0,0,0,0,0,0,2
Robert Bradshaw,1885-1885,3,3,0,0,0,0,0,0,0,0,3
Ernie Crawford,1885-1885,2,2,0,0,0,0,0,0,0,0,2
Harry Neill,1885-1888,9,9,0,0,0,0,0,0,0,2,7
John Ross,1885-1886,5,5,0,0,0,0,0,0,0,0,5
Thomas Shanahan,1885-1888,6,6,0,0,1,0,0,0,0,1,5
Robert Warren,1885-1890,15,15,0,0,1,0,0,0,0,3,11
J.A. Thompson,1885-1885,2,2,0,0,0,0,0,0,0,0,2
William Hogg,1885-1885,1,1,0,0,0,0,0,0,0,0,1
D.V. Hunter,1885-1885,1,1,0,0,0,0,0,0,0,0,1
Joseph Chambers,1886-1887,5,5,0,0,0,0,0,0,0,1,4
Victor le Fanu,1886-1892,11,11,0,0,0,0,0,0,0,3,8
Ralph Massy-Westropp,1886-1886,1,1,0,0,0,0,0,0,0,0,1
Maxy Carpendale,1886-1888,4,4,0,1,0,0,0,1,0,1,3
Robert Herrick,1886-1886,1,1,0,0,0,0,0,0,0,0,1
James McMordie,1886-1886,1,1,0,0,0,0,0,0,0,0,1
Francis Miller,1886-1886,1,1,0,0,0,0,0,0,0,0,1
Joseph Ross,1886-1886,1,1,0,0,0,0,0,0,0,0,1
Frank Stoker,1886-1891,5,5,0,0,0,0,0,0,0,1,4
James Waites,1886-1891,7,7,0,0,1,0,0,0,0,1,5
John Dick,1887-1887,3,3,0,0,0,0,0,0,0,1,2
John Macaulay,1887-1887,2,2,0,0,0,0,0,0,0,1,1
James McLaughlin,1887-1888,4,4,0,0,0,0,0,0,0,2,2
Robert Montgomery,1887-1892,5,5,0,0,4,0,0,0,0,2,3
Daniel Rambaut,1887-1888,4,4,0,3,0,3,0,0,0,2,2
Robert Stevenson,1887-1893,14,14,0,0,0,0,0,0,0,3,9
Charles Tillie,1887-1888,4,4,0,0,1,0,0,0,0,2,2
Dolway Walkington,1887-1891,8,8,0,3,0,0,0,1,0,2,5
Edward Walshe,1887-1893,7,7,0,4,2,0,0,0,0,2,5
Malcolm Moore,1887-1888,3,3,0,0,0,0,0,0,0,1,2
W. Davison,1887-1887,1,1,0,0,0,0,0,0,0,0,1
Patrick O'Connor,1887-1887,1,1,0,0,0,0,0,0,0,0,1
Thomas Taggart,1887-1887,1,1,0,0,0,0,0,0,0,0,1
William Ekin,1888-1888,2,2,0,0,0,0,0,0,0,1,1
Robert Mayne,1888-1888,2,2,0,0,0,0,0,0,0,1,1
James Moffatt,1888-1891,7,7,0,0,0,0,0,0,0,1,5
Ernest Stoker,1888-1888,2,2,0,0,0,0,0,0,0,1,1
William Morton,1888-1888,1,1,0,0,0,0,0,0,0,0,1
Alfred Walpole,1888-1888,2,2,0,0,0,0,0,0,0,0,2
Herbert Andrews,1888-1889,3,3,0,0,0,0,0,0,0,1,2
Michael Bulger,1888-1888,1,1,0,0,0,0,0,0,0,0,1
Taffy Edwards,1888-1893,6,6,0,0,0,0,0,0,0,1,4
Edmund Forrest,1888-1897,13,13,0,4,0,0,0,1,0,5,7
Joseph Jameson,1888-1893,7,7,0,0,0,0,0,0,0,2,4
John Lytle,1888-1894,8,8,0,5,1,1,0,0,0,4,4
John O'Conor,1888-1896,17,17,0,0,0,0,0,0,0,6,8
James Stevenson,1958-1958,5,5,0,0,0,0,0,0,0,2,3
David Woods,1888-1889,2,2,0,0,1,0,0,0,0,0,2
Thomas Donovan,1889-1889,1,1,0,0,0,0,0,0,0,0,1
Luke Holmes,1889-1889,2,2,0,0,0,0,0,0,0,1,1
Llewellyn Nash,1889-1891,6,6,0,0,0,0,0,0,0,0,5
Thomas Pedlow,1889-1889,2,2,0,0,0,0,0,0,0,1,1
Charles Stack,1889-1889,1,1,0,0,0,0,0,0,0,0,1
Robert Yeates,1889-1889,2,2,0,0,0,0,0,0,0,1,1
John Cotton,1889-1889,1,1,0,0,1,0,0,0,0,1,0
Robert Dunlop,1889-1894,11,11,0,1,1,0,0,0,0,2,8
Alaster McDonnell,1889-1891,4,4,0,0,1,0,0,0,0,1,2
Henry Richey,1889-1890,2,2,0,0,0,0,0,0,0,1,1
William Davis,1890-1895,9,9,0,0,0,0,0,0,0,0,8
Eddie Doran,1890-1890,2,2,0,0,0,0,0,0,0,0,1
Harry Gifford,1890-1890,1,1,0,0,0,0,0,0,0,0,1
Ralph Johnston,1890-1890,3,3,0,0,0,0,0,0,0,0,2
J. Roche,1890-1892,7,7,0,5,0,2,0,0,0,1,5
Hugh Galbraith,1890-1890,1,1,0,0,0,0,0,0,0,0,0
Benjamin Tuke,1890-1895,9,9,0,0,0,0,0,0,0,3,6
Sam Lee,1891-1898,19,19,0,1,1,0,0,0,0,8,9
Charles Rooke,1891-1897,19,19,0,0,0,0,0,0,0,7,10
Edwin Cameron,1891-1891,2,2,0,0,0,0,0,0,0,0,2
George Collopy,1891-1892,2,2,0,0,0,0,0,0,0,0,2
Edward Frazer,1891-1892,2,2,0,0,0,0,0,0,0,0,2
Robert Stokes,1891-1891,2,2,0,0,0,0,0,0,0,0,2
Herbert Wells,1891-1894,4,4,0,3,1,0,0,0,0,2,2
Thomas Fogarty,1891-1891,1,1,0,0,0,0,0,0,0,0,1
Robert Pedlow,1891-1891,1,1,0,0,0,0,0,0,0,0,1
William Gardiner,1892-1898,17,17,0,6,2,0,0,0,0,6,9
T.J. Johnston,1892-1895,6,6,0,0,0,0,0,0,0,1,4
Thomas Peel,1892-1892,3,3,0,0,0,0,0,0,0,1,2
Robert Smith,1892-1892,1,1,0,0,0,0,0,0,0,0,1
Thomas Thornhill,1892-1893,4,4,0,0,0,0,0,0,0,1,3
Arthur Wallis,1892-1893,5,5,0,0,0,0,0,0,0,1,4
Coo Clinch,1892-1897,14,14,0,0,0,0,0,0,0,6,7
Frederick Davies,1892-1893,5,5,0,2,1,0,0,0,0,1,3
Michael Egan,1893-1895,2,2,0,0,0,0,0,0,0,0,2
Sam Gardiner,1893-1893,2,2,0,0,0,0,0,0,0,0,1
Robert Johnston,1893-1896,5,5,0,0,0,0,0,0,0,3,2
Harry Lindsay,1893-1898,13,13,0,3,1,0,0,0,0,6,5
Walter Brown,1893-1894,5,5,0,0,0,0,0,0,0,3,1
Herbert Forrest,1893-1893,2,2,0,0,0,0,0,0,0,0,1
Lucius Gwynn,1893-1898,7,7,0,0,0,0,0,0,0,4,2
Bryan O'Brien,1893-1893,2,2,0,0,0,0,0,0,0,0,1
Robert Hamilton,1893-1893,1,1,0,0,0,0,0,0,0,0,1
William Sparrow,1893-1894,2,2,0,0,0,0,0,0,0,1,1
Tom Crean,1894-1896,13,13,0,9,3,0,0,0,0,8,4
James Lytle,1894-1899,12,12,0,6,1,0,1,0,0,8,3
George Walmsley,1894-1894,1,1,0,0,0,0,0,0,0,1,0
Andrew Bond,1894-1894,2,2,0,0,0,0,0,0,0,2,0
Patrick Grant,1894-1894,2,2,0,0,0,0,0,0,0,2,0
Alfred Brunker,1895-1895,2,2,0,0,0,0,0,0,0,0,2
Hugh McCoull,1895-1899,4,4,0,0,0,0,0,0,0,1,3
Louis Magee,1895-1904,31,31,0,9,2,0,1,0,0,14,15
Joseph Magee,1895-1895,2,2,0,0,0,0,0,0,0,0,2
Thomas Stevenson,1895-1897,7,7,0,3,1,0,0,0,0,3,3
Glascott Symes,1895-1895,1,1,0,0,0,0,0,0,0,0,1
John Fulton,1895-1904,16,16,0,0,0,0,0,0,0,6,10
Edward MacIlwaine,1895-1895,2,2,0,0,0,0,0,0,0,0,2
Alexander Montgomery,1895-1895,1,1,0,0,0,0,0,0,0,0,1
Jack O'Connor,1909-1909,1,1,0,3,1,0,0,0,0,1,0
Bill O'Sullivan,1895-1895,1,1,0,0,0,0,0,0,0,0,1
Michael Delaney,1895-1895,1,1,0,0,0,0,0,0,0,0,1
Arthur Gwynn,1895-1895,1,1,0,0,0,0,0,0,0,0,1
Glyn Allen,1896-1899,9,9,0,3,1,0,0,0,0,6,2
Lawrence Bulger,1896-1898,12,12,0,25,3,3,2,0,1,7,4
Bill Byron,1896-1899,11,11,0,0,0,0,0,0,0,7,3
James Sealy,1896-1900,13,13,0,6,2,0,0,0,0,8,3
George McAllan,1896-1896,2,2,0,0,0,0,0,0,0,1,0
John McIlwaine,1897-1899,7,7,0,0,0,0,0,0,0,4,3
John Ryan,2016-2019,21,6,15,5,1,0,0,0,18,3,0
Michael Ryan,1897-1904,17,17,0,3,1,0,0,0,0,7,9
Pierce O'Brien-Butler,1897-1900,6,6,0,0,0,0,0,0,0,3,3
John Davis,1898-1898,2,2,0,0,0,0,0,0,0,1,1
James Franks,1898-1898,3,3,0,0,0,0,0,0,0,1,2
Carmichael Purser,1898-1898,3,3,0,0,0,0,0,0,0,1,2
Frederick Smithwick,1898-1898,2,2,0,0,0,0,0,0,0,0,2
Ainsworth Barr,1898-1901,4,4,0,0,0,0,0,0,0,2,2
Thomas Little,1898-1901,7,7,0,0,0,0,0,0,0,3,3
Ned McCarthy,1898-1898,1,1,0,0,0,0,0,0,0,0,1
Thomas Ahearne,1899-1899,1,1,0,0,0,0,0,0,0,1,0
Barney Allison,1899-1903,12,12,0,4,0,0,0,1,0,4,7
William Brown,1970-1970,4,4,0,3,1,0,0,0,0,2,1
Ian Davidson,1899-1903,10,10,0,6,2,0,0,0,0,3,5
George Harman,1899-1899,2,2,0,0,0,0,0,0,0,2,0
Tom McGown,1899-1901,7,7,0,0,0,0,0,0,0,5,2
Edward Campbell,1899-1900,4,4,0,3,1,0,0,0,0,2,2
Gerry Doran,1899-1904,10,10,0,6,2,0,0,0,0,4,5
Newry Meares,1896-1900,6,6,0,0,0,0,0,0,0,3,3
Carl Reid,1899-1903,4,4,0,3,1,0,0,0,0,2,2
Cecil Moriarty,1899-1899,1,1,0,0,0,0,0,0,0,1,0
Ellie Allen,1900-1907,21,21,0,3,1,0,0,0,0,6,14
John Coffey,1900-1910,19,19,0,0,0,0,0,0,0,8,11
John Ferris,1900-1900,3,3,0,0,0,0,0,0,0,0,2
Fred Gardiner,1900-1909,22,22,0,15,3,3,0,0,0,8,13
Samuel Irwin,1900-1903,9,9,0,4,0,2,0,0,0,2,6
Percy Nicholson,1900-1900,3,3,0,0,0,0,0,0,0,0,2
Cecil Boyd,1896-1901,4,4,0,0,0,0,0,0,0,1,2
Bertie Doran,1900-1902,8,8,0,3,1,0,0,0,0,2,5
Thomas Harvey,1900-1903,8,8,0,0,0,0,0,0,0,2,6
Albert Freear,1901-1901,3,3,0,3,1,0,0,0,0,1,2
Patrick Healey,1901-1904,10,10,0,0,0,0,0,0,0,3,7
Archibald Heron,1901-1901,1,1,0,0,0,0,0,0,0,1,0
Harry Irvine,1901-1901,1,1,0,2,0,1,0,0,0,0,1
Hugh Ferris,1901-1903,2,2,0,0,0,0,0,0,0,1,1
Harry Corley,1902-1904,8,8,0,5,0,1,1,0,0,2,6
Charles Fitzgerald,1902-1903,3,3,0,0,0,0,0,0,0,1,2
George Hamlet,1902-1911,30,30,0,0,0,0,0,0,0,12,17
Alfred Tedford,1902-1908,26,26,0,18,6,0,0,0,0,9,15
John Pringle,1902-1902,2,2,0,0,0,0,0,0,0,1,1
Henry Anderson,1903-1906,4,4,0,0,0,0,0,0,0,2,2
George Harvey,1903-1905,5,5,0,0,0,0,0,0,0,4,1
Robertson Smyth,1903-1904,6,6,0,0,0,0,0,0,0,1,3
David Taylor,1903-1903,1,1,0,0,0,0,0,0,0,1,0
James Wallace,1903-1906,10,10,0,12,4,0,0,0,0,4,6
George Bradshaw,1903-1903,1,1,0,0,0,0,0,0,0,0,1
James Parke,1903-1909,20,20,0,36,2,6,5,0,1,6,14
Fred Kennedy,1904-1904,2,2,0,0,0,0,0,0,0,1,1
Campbell Robb,1904-1906,5,5,0,3,1,0,0,0,0,1,4
Thomas Robinson,1904-1907,10,10,0,3,1,0,0,0,0,3,7
Joseph Wallace,1903-1904,5,5,0,0,0,0,0,0,0,0,3
Ernest Caddell,1904-1908,13,13,0,6,2,0,0,0,0,6,7
John Moffatt,1904-1905,4,4,0,12,4,0,0,0,0,2,2
Reg Edwards,1904-1904,4,4,0,0,0,0,0,0,0,3,1
Hercules Knox,1904-1908,10,10,0,0,0,0,0,0,0,6,4
Maurice Landers,1904-1905,5,5,0,0,0,0,0,0,0,3,2
Henry Millar,1904-1905,4,4,0,0,0,0,0,0,0,3,1
Harry Thrift,1904-1909,18,18,0,15,5,0,0,0,0,8,10
Basil MacLear,1905-1907,11,11,0,18,4,3,0,0,0,5,6
Hugh Wilson,1905-1910,18,18,0,0,0,0,0,0,0,6,12
Harold Sugars,1905-1907,3,3,0,6,2,0,0,0,0,0,3
Francis Casement,1906-1906,3,3,0,0,0,0,0,0,0,2,1
Geoffrey Henebrey,1906-1909,6,6,0,0,0,0,0,0,0,3,3
William Purdon,1906-1906,3,3,0,3,1,0,0,0,0,2,1
Michael White,1906-1907,6,6,0,0,0,0,0,0,0,3,3
Bertie Gotto,1906-1906,1,1,0,0,0,0,0,0,0,0,1
George McIldowie,1906-1910,4,4,0,3,1,0,0,0,0,0,3
William Cogan,1907-1907,2,2,0,0,0,0,0,0,0,1,1
Robert Forbes,1907-1907,1,1,0,0,0,0,0,0,0,1,0
Thomas Greeves,1907-1909,5,5,0,0,0,0,0,0,0,2,3
James Sweeney,1907-1907,3,3,0,0,0,0,0,0,0,1,2
Charles Thompson,1907-1910,13,13,0,15,5,0,0,0,0,4,8
Frederick Harvey,1907-1911,2,2,0,0,0,0,0,0,0,1,1
Billy Hinton,1907-1912,16,16,0,4,0,2,0,0,0,6,9
Charles Adams,1908-1914,16,16,0,3,1,0,0,0,0,10,6
Herbert Aston,1908-1908,2,2,0,3,1,0,0,0,0,0,2
Gerald Beckett,1908-1908,3,3,0,3,1,0,0,0,0,1,2
Thomas Harpur,1908-1908,3,3,0,0,0,0,0,0,0,1,2
Edward Morphy,1908-1908,1,1,0,0,0,0,0,0,0,0,1
Frank Smartt,1908-1909,3,3,0,0,0,0,0,0,0,1,2
Tom Smyth,1908-1912,16,16,0,6,2,0,0,0,0,5,10
Bethel Solomons,1908-1910,10,10,0,0,0,0,0,0,0,2,7
Ernest Deane,1909-1909,1,1,0,0,0,0,0,0,0,0,1
Michael Garry,1909-1911,7,7,0,0,0,0,0,0,0,3,4
Godfrey Pinion,1909-1909,4,4,0,2,0,1,0,0,0,1,3
Oliver Piper,1909-1910,9,9,0,0,0,0,0,0,0,2,6
John Blackham,1909-1910,6,6,0,0,0,0,0,0,0,1,4
Thomas Halpin,1909-1912,13,13,0,0,0,0,0,0,0,6,6
Richard Magrath,1909-1909,1,1,0,0,0,0,0,0,0,0,1
Frederick McCormac,1909-1910,3,3,0,0,0,0,0,0,0,1,2
Jack O'Connor,1909-1909,1,1,0,3,1,0,0,0,0,1,0
Alexander Foster,1910-1921,19,19,0,15,5,0,0,0,0,10,8
Dickie Lloyd,1910-1920,19,19,0,75,2,16,3,7,0,8,10
Joseph Quinn,1910-1914,15,15,0,27,9,0,0,0,0,8,6
Harry Read,1910-1913,13,13,0,0,0,0,0,0,0,6,6
William Riordan,1910-1910,1,1,0,0,0,0,0,0,0,0,0
Alfred Taylor,1910-1912,4,4,0,3,1,0,0,0,0,1,2
Herbert Moore,1910-1912,8,8,0,0,0,0,0,0,0,4,4
Robert Lyle,1910-1910,2,2,0,0,0,0,0,0,0,1,1
Arthur McClinton,1910-1910,2,2,0,2,0,1,0,0,0,1,1
Cyril O'Callaghan,1910-1912,7,7,0,6,2,0,0,0,0,5,2
William Smyth,1910-1920,3,3,0,0,0,0,0,0,0,1,2
William Beatty,1910-1912,3,3,0,0,0,0,0,0,0,3,0
William Tyrrell,1910-1914,9,9,0,9,3,0,0,0,0,4,5
Samuel Campbell,1911-1913,12,12,0,0,0,0,0,0,0,7,5
Michael Heffernan,1911-1911,4,4,0,3,1,0,0,0,0,3,1
Alexander Jackson,1911-1914,10,10,0,9,3,0,0,0,0,6,4
James Smyth,1911-1911,3,3,0,0,0,0,0,0,0,3,0
Richard Graham,1911-1911,1,1,0,0,0,0,0,0,0,1,0
William Edwards,1912-1912,2,2,0,0,0,0,0,0,0,1,1
Robert Hemphill,1912-1912,4,4,0,0,0,0,0,0,0,3,1
George McConnell,1912-1913,4,4,0,0,0,0,0,0,0,2,2
Charles MacIvor,1912-1913,7,7,0,3,1,0,0,0,0,4,3
d'Arcy Patterson,1912-1913,8,8,0,3,1,0,0,0,0,4,4
Myley Abraham,1912-1914,5,5,0,0,0,0,0,0,0,2,3
George Killeen,1912-1914,10,10,0,0,0,0,0,0,0,4,6
George Brown,1912-1912,3,3,0,3,1,0,0,0,0,2,1
Robin Wright,1912-1912,1,1,0,0,0,0,0,0,0,1,0
Robert Burgess,1912-1912,1,1,0,0,0,0,0,0,0,0,1
John Clune,1912-1914,6,6,0,0,0,0,0,0,0,2,4
George Holmes,1912-1913,3,3,0,0,0,0,0,0,0,0,3
John Minch,1912-1914,5,5,0,0,0,0,0,0,0,1,4
Geoffrey Schute,1912-1913,3,3,0,3,1,0,0,0,0,0,3
Charles Stuart,1912-1912,1,1,0,0,0,0,0,0,0,0,1
Snipe Watson,1912-1912,1,1,0,0,0,0,0,0,0,0,1
James Finlay,1913-1920,6,6,0,0,0,0,0,0,0,0,6
Ernest Jeffares,1913-1913,2,2,0,0,0,0,0,0,0,0,2
Patrick Stokes,1913-1922,12,12,0,12,4,0,0,0,0,3,9
Gordon Young,1913-1913,1,1,0,0,0,0,0,0,0,0,1
Frank Bennett,1913-1913,1,1,0,0,0,0,0,0,0,0,1
J.W. McConnell,1913-1913,1,1,0,0,0,0,0,0,0,0,1
Patrick O'Connell,1913-1914,6,6,0,0,0,0,0,0,0,3,3
Stanhope Polden,1913-1920,4,4,0,0,0,0,0,0,0,2,2
Albert Stewart,1913-1914,3,3,0,3,1,0,0,0,0,2,1
Andrew Todd,1913-1914,3,3,0,0,0,0,0,0,0,2,1
George Wood,1913-1914,2,2,0,0,0,0,0,0,0,1,1
William Collopy,1914-1924,19,19,0,0,0,0,0,0,0,7,12
John Dowse,1914-1914,3,3,0,0,0,0,0,0,0,2,1
Jack Parr,1914-1914,4,4,0,0,0,0,0,0,0,2,2
Vincent McNamara,1914-1914,3,3,0,3,1,0,0,0,0,1,2
Frank Montgomery,1914-1914,3,3,0,0,0,0,0,0,0,1,2
James Taylor,1914-1914,3,3,0,0,0,0,0,0,0,1,2
Henry Jack,1914-1921,3,3,0,0,0,0,0,0,0,1,2
Jasper Brett,1914-1914,1,1,0,0,0,0,0,0,0,0,1
Charles Bryant,1920-1920,2,2,0,0,0,0,0,0,0,0,2
Nick Butler,1920-1920,1,1,0,0,0,0,0,0,0,0,1
Henry Coulter,1920-1920,3,3,0,0,0,0,0,0,0,0,3
William Crawford,1920-1927,30,30,0,18,0,6,2,0,0,12,17
Robert Crichton,1920-1925,15,15,0,0,0,0,0,0,0,3,11
William Cullen,1920-1920,1,1,0,0,0,0,0,0,0,0,1
James Dickson,1920-1920,3,3,0,3,1,0,0,0,0,0,3
George Doherty,1920-1921,7,7,0,0,0,0,0,0,0,1,6
Arthur Horan,1920-1920,2,2,0,0,0,0,0,0,0,0,2
William Roche,1920-1920,3,3,0,0,0,0,0,0,0,0,3
Thomas Wallace,1920-1920,3,3,0,0,0,0,0,0,0,0,3
Andy Courtney,1920-1921,7,7,0,0,0,0,0,0,0,1,6
William Duggan,1920-1920,2,2,0,0,0,0,0,0,0,0,2
Basil McFarland,1920-1922,4,4,0,4,0,0,0,1,0,0,4
James O'Neill,1920-1920,1,1,0,0,0,0,0,0,0,0,1
Alfred Price,1920-1920,2,2,0,3,1,0,0,0,0,0,2
Patrick Roddy,1920-1920,2,2,0,0,0,0,0,0,0,0,2
Michael Bradley,1984-1995,40,40,0,21,5,0,0,0,15,23,2
Bill Cunningham,1920-1924,9,9,0,6,2,0,0,0,0,2,6
Norman Potterton,1920-1920,1,1,0,0,0,0,0,0,0,0,1
Decco Browne,1920-1920,1,1,0,0,0,0,0,0,0,0,1
John Smyth,1920-1920,1,1,0,0,0,0,0,0,0,0,1
George Stephenson,1920-1930,42,42,0,89,14,13,7,0,0,20,20
John Bermingham,1921-1921,4,4,0,0,0,0,0,0,0,1,3
Henry Cormack,1921-1921,3,3,0,0,0,0,0,0,0,1,2
Denis Cussen,1921-1927,15,15,0,15,5,0,0,0,0,6,9
Charles Hallaran,1921-1926,15,15,0,0,0,0,0,0,0,6,9
Thomas McClelland,1921-1924,16,16,0,6,2,0,0,0,0,5,11
Thomas Mayne,1921-1921,3,3,0,0,0,0,0,0,0,1,2
Noel Purcell,1921-1921,4,4,0,0,0,0,0,0,0,1,3
John Thompson,1921-1923,8,8,0,0,0,0,0,0,0,2,6
Cecil Davidson,1921-1921,1,1,0,0,0,0,0,0,0,0,1
Thomas Wallis,1921-1922,5,5,0,14,1,4,1,0,0,1,4
Samuel McVicker,1922-1922,4,4,0,0,0,0,0,0,0,1,3
Reuben Owens,1922-1922,2,2,0,0,0,0,0,0,0,0,2
Donal Sullivan,1922-1922,4,4,0,0,0,0,0,0,0,1,3
Jim Wheeler,1922-1924,5,5,0,0,0,0,0,0,0,1,4
Joseph Clarke,1922-1924,7,7,0,3,1,0,0,0,0,2,5
John Egan,1922-1922,1,1,0,0,0,0,0,0,0,0,1
Ivan Popham,1922-1923,4,4,0,0,0,0,0,0,0,1,3
Henry Stephenson,1922-1928,14,14,0,12,4,0,0,0,0,5,8
Joseph Gillespie,1922-1922,2,2,0,0,0,0,0,0,0,1,1
Joe Stewart,1922-1929,10,10,0,0,0,0,0,0,0,6,3
Dick Collopy,1923-1925,13,13,0,0,0,0,0,0,0,5,7
Dunlop Cunningham,1923-1925,6,6,0,0,0,0,0,0,0,3,2
James Gardiner,1923-1925,13,13,0,3,1,0,0,0,0,5,7
Robert Gray,1923-1926,4,4,0,0,0,0,0,0,0,2,2
William Hall,1923-1924,6,6,0,0,0,0,0,0,0,2,4
Finlay Jackson,1923-1923,1,1,0,0,0,0,0,0,0,0,1
Robert McClenahan,1923-1923,3,3,0,0,0,0,0,0,0,1,2
Jack Mahony,1923-1923,1,1,0,0,0,0,0,0,0,0,1
Peter Dunn,1923-1923,1,1,0,0,0,0,0,0,0,0,1
Jamie Clinch,1923-1931,30,30,0,0,0,0,0,0,0,16,12
Arthur Douglas,1923-1928,5,5,0,6,2,0,0,0,0,1,4
Alfred Atkins,1924-1924,1,1,0,3,1,0,0,0,0,1,0
William Collis,1924-1926,7,7,0,0,0,0,0,0,0,4,2
John McDowell,1924-1924,2,2,0,0,0,0,0,0,0,1,1
Jim McVicker,1924-1930,23,23,0,0,0,0,0,0,0,11,10
Ian Stuart,1924-1924,2,2,0,0,0,0,0,0,0,0,2
Frank Hewitt,1924-1927,9,9,0,6,2,0,0,0,0,5,3
Tom Hewitt,1924-1926,9,9,0,8,2,1,0,0,0,5,3
Norman Brand,1924-1924,3,3,0,0,0,0,0,0,0,0,3
Alex Spain,1924-1924,1,1,0,0,0,0,0,0,0,0,1
Mark Sugden,1925-1931,28,28,0,9,3,0,0,0,0,16,10
George Beamish,1925-1933,30,30,0,0,0,0,0,0,0,13,15
William Browne,1925-1928,12,12,0,3,1,0,0,0,0,6,5
Standish Cagney,1925-1929,13,13,0,0,0,0,0,0,0,9,3
Eugene Davy,1925-1934,34,34,0,36,8,0,0,3,0,19,14
Robert Flood,1925-1925,1,1,0,0,0,0,0,0,0,1,0
Terence Millin,1925-1925,1,1,0,3,1,0,0,0,0,1,0
Jimmy Farrell,1926-1932,34,34,0,0,0,0,0,0,0,18,15
Rex Hamilton,1926-1926,1,1,0,0,0,0,0,0,0,1,0
Joseph Neill,1926-1926,1,1,0,0,0,0,0,0,0,1,0
Allan Buchanan,1926-1927,6,6,0,0,0,0,0,0,0,4,2
Charles Payne,1926-1930,16,16,0,0,0,0,0,0,0,10,5
Jack Gage,1926-1933,5,5,0,3,1,0,0,0,0,4,1
Charles Hanrahan,1926-1932,20,20,0,3,1,0,0,0,0,11,8
Maurice Atkinson,1927-1927,2,2,0,0,0,0,0,0,0,1,1
Jim Ganly,1927-1930,12,12,0,24,7,0,1,0,0,7,5
Paul Murray,1927-1933,23,23,0,33,1,7,4,1,0,11,12
Norman Ross,1927-1927,2,2,0,0,0,0,0,0,0,1,1
Hugh McVicker,1927-1928,5,5,0,3,1,0,0,0,0,3,2
Theodore Pike,1927-1928,8,8,0,3,1,0,0,0,0,5,3
Joxer Arigho,1928-1931,16,16,0,18,6,0,0,0,0,8,7
Thomas Bramwell,1928-1928,1,1,0,0,0,0,0,0,0,1,0
Reginald Odbert,1928-1928,1,1,0,0,0,0,0,0,0,1,0
Rowland Byers,1928-1929,5,5,0,0,0,0,0,0,0,3,1
Jerry Mullane,1928-1928,2,2,0,0,0,0,0,0,0,2,0
Mike Dunne,1928-1934,16,16,0,0,0,0,0,0,0,7,9
Hugh Browne,1929-1929,3,3,0,2,0,1,0,0,0,1,1
John Synge,1929-1929,1,1,0,0,0,0,0,0,0,0,1
Morgan Crowe,1929-1934,13,13,0,6,2,0,0,0,0,6,6
Mark Deering,1929-1929,1,1,0,0,0,0,0,0,0,0,0
Claude Carroll,1930-1930,1,1,0,0,0,0,0,0,0,0,1
Ted Hunt,1930-1933,5,5,0,6,2,0,0,0,0,2,3
William McCormick,1930-1930,1,1,0,0,0,0,0,0,0,1,0
Noel Murphy,1958-1969,49,49,0,18,6,0,0,0,0,20,27
Frederick Williamson,1930-1930,3,3,0,0,0,0,0,0,0,2,1
Ter Casey,1930-1932,2,2,0,0,0,0,0,0,0,1,1
Major Egan,1931-1931,3,3,0,0,0,0,0,0,0,1,2
Edward Lightfoot,1931-1933,11,11,0,9,3,0,0,0,0,5,6
Jack Russell,1931-1937,19,19,0,6,2,0,0,0,0,8,11
Jack Siggins,1931-1937,24,24,0,12,1,0,3,0,0,11,13
Hal Withers,1931-1931,5,5,0,0,0,0,0,0,0,2,3
Laurence McMahon,1931-1938,12,12,0,12,3,0,1,0,0,5,7
Victor Pike,1931-1934,13,13,0,3,1,0,0,0,0,5,8
John Entrican,1931-1931,1,1,0,0,0,0,0,0,0,1,0
Dermot Morris,1931-1935,6,6,0,0,0,0,0,0,0,2,4
William Ross,1932-1935,9,9,0,6,2,0,0,0,0,3,6
Michael Sheehan,1932-1932,1,1,0,0,0,0,0,0,0,0,1
Shaun Waide,1932-1933,5,5,0,9,3,0,0,0,0,3,2
Ernest Ridgeway,1932-1935,5,5,0,3,1,0,0,0,0,4,1
Robin Pratt,1933-1934,5,5,0,0,0,0,0,0,0,1,4
Bobby Barnes,1933-1933,1,1,0,3,1,0,0,0,0,1,0
Charles Beamish,1933-1938,12,12,0,3,1,0,0,0,0,5,7
Paddy Coote,1933-1933,1,1,0,0,0,0,0,0,0,0,1
Joseph O'Connor,1933-1938,11,11,0,9,3,0,0,0,0,3,8
Mebs Bardon,1934-1934,1,1,0,0,0,0,0,0,0,0,1
Bob Graves,1934-1938,17,17,0,0,0,0,0,0,0,6,11
George Morgan,1934-1939,20,20,0,6,2,0,0,0,0,9,11
James Rearden,1934-1934,2,2,0,0,0,0,0,0,0,0,2
Sam Walker,1934-1938,18,18,0,7,1,2,0,0,0,7,11
Ham Lambert,1934-1934,2,2,0,0,0,0,0,0,0,0,2
David Lane,1934-1935,4,4,0,0,0,0,0,0,0,1,3
John Reid,1934-1934,2,2,0,0,0,0,0,0,0,0,2
Aidan Bailey,1934-1938,13,13,0,22,4,2,2,0,0,6,7
Daniel Langan,1934-1934,1,1,0,0,0,0,0,0,0,0,1
Noel McGrath,1934-1934,1,1,0,0,0,0,0,0,0,0,1
John Megaw,1934-1938,2,2,0,0,0,0,0,0,0,0,2
Philip Crowe,1935-1938,2,2,0,2,0,1,0,0,0,0,2
Seamus Deering,1935-1937,9,9,0,0,0,0,0,0,0,5,4
Patrick Lawlor,1951-1956,12,12,0,3,1,0,0,0,0,5,7
Mike Sayers,1935-1939,10,10,0,3,0,0,0,0,1,6,4
Victor Hewitt,1935-1936,6,6,0,4,0,0,0,1,0,4,2
Jack Doyle,1935-1935,1,1,0,3,1,0,0,0,0,1,0
Vesey Boyle,1935-1939,11,11,0,3,1,0,0,0,0,5,6
Thomas Dunn,1935-1935,1,1,0,0,0,0,0,0,0,0,1
George Malcolmson,1935-1937,7,7,0,0,0,0,0,0,0,4,3
Clive Wallis,1935-1935,1,1,0,0,0,0,0,0,0,0,1
Bob Alexander,1936-1939,14,14,0,6,2,0,0,0,0,7,7
Fred Moran,1936-1939,9,9,0,18,6,0,0,0,0,5,4
Thomas Corken,1937-1937,3,3,0,0,0,0,0,0,0,2,1
George Cromey,1937-1939,10,10,0,6,2,0,0,0,0,5,5
Blair Mayne,1937-1939,9,9,0,3,1,0,0,0,0,4,5
Charles Reidy,1937-1937,1,1,0,0,0,0,0,0,0,1,0
Ted Ryan,1937-1938,3,3,0,0,0,0,0,0,0,1,2
Maurice Daly,1938-1938,1,1,0,3,1,0,0,0,0,0,1
John Irwin,1938-1939,5,5,0,3,1,0,0,0,0,2,3
Victor Lyttle,1938-1939,3,3,0,0,0,0,0,0,0,2,1
David O'Loughlin,1938-1939,6,6,0,3,1,0,0,0,0,2,4
Ronald Craig,1938-1938,2,2,0,0,0,0,0,0,0,0,2
Hector Kennedy,1938-1938,2,2,0,0,0,0,0,0,0,0,2
Donough Tierney,1938-1939,3,3,0,0,0,0,0,0,0,1,2
Harry McKibbin,1938-1939,7,7,0,12,0,3,2,0,0,3,4
Desmond Torrens,1938-1939,4,4,0,3,1,0,0,0,0,2,2
Con Murphy,1939-1947,5,5,0,0,0,0,0,0,0,3,2
James Ryan,2017-2020,30,27,3,15,3,0,0,0,22,8,0
Charles Teehan,1939-1939,3,3,0,0,0,0,0,0,0,2,1
Thomas Headon,1939-1939,2,2,0,0,0,0,0,0,0,1,1
Robert Agar,1947-1950,10,10,0,0,0,0,0,0,0,5,4
Colm Callan,1947-1949,10,10,0,0,0,0,0,0,0,7,3
Ray Carroll,1947-1950,3,3,0,0,0,0,0,0,0,1,2
John Daly,1947-1948,7,7,0,3,1,0,0,0,0,5,2
John Harper,1947-1947,3,3,0,0,0,0,0,0,0,2,1
Donal Hingerty,1947-1947,4,4,0,0,0,0,0,0,0,2,2
Ernie Keeffe,1947-1948,6,6,0,0,0,0,0,0,0,3,3
Jackie Kyle,1947-1958,52,52,0,30,9,0,0,1,0,25,22
Bill McKay,1947-1952,29,29,0,9,3,0,0,0,0,16,10
Barney Mullan,1947-1948,8,8,0,36,6,6,2,0,0,6,2
Karl Mullen,1947-1952,28,28,0,0,0,0,0,0,0,16,9
Matthew Neely,1947-1947,4,4,0,0,0,0,0,0,0,2,2
Brendan Quinn,1947-1947,1,1,0,0,0,0,0,0,0,0,1
Kevin Quinn,1947-1953,5,5,0,3,0,0,1,0,0,2,2
Jack Monteith,1947-1947,3,3,0,0,0,0,0,0,0,2,1
Bertie O'Hanlon,1947-1950,12,12,0,9,3,0,0,0,0,9,2
Ernest Strathdee,1947-1949,9,9,0,0,0,0,0,0,0,7,2
Dudley Higgins,1947-1948,6,6,0,0,0,0,0,0,0,4,2
Mick Lane,1947-1953,19,19,0,3,1,0,0,0,0,10,6
Jimmy Corcoran,1947-1948,2,2,0,0,0,0,0,0,0,1,1
Albert McConnell,1947-1949,7,7,0,0,0,0,0,0,0,5,2
Desmond McCourt,1947-1947,1,1,0,0,0,0,0,0,0,0,1
William McKee,1947-1951,12,12,0,6,2,0,0,0,0,7,4
Jimmy Nelson,1947-1954,20,20,0,9,3,0,0,0,0,11,7
Kevin O'Flanagan,1947-1947,1,1,0,0,0,0,0,0,0,0,1
Paddy Reid,1947-1948,4,4,0,3,1,0,0,0,0,3,1
Richard Wilkinson,1947-1947,1,1,0,0,0,0,0,0,0,0,1
Jim McCarthy,1948-1955,28,28,0,24,8,0,0,0,0,15,10
Hugh de Lacy,1948-1948,2,2,0,0,0,0,0,0,0,2,0
John Mattsson,1948-1948,1,1,0,0,0,0,0,0,0,1,0
Des O'Brien,1948-1952,20,20,0,3,1,0,0,0,0,12,6
Mick O'Flanagan,1948-1948,1,1,0,0,0,0,0,0,0,1,0
Tom Clifford,1949-1952,19,19,0,3,1,0,0,0,0,10,7
Thomas Cullen,1949-1949,1,1,0,0,0,0,0,0,0,0,1
Tom Gavin,1949-1949,2,2,0,0,0,0,0,0,0,1,1
George Norton,1949-1951,11,11,0,41,0,7,9,0,0,7,3
Leslie Griffin,1949-1949,2,2,0,0,0,0,0,0,0,2,0
Noel Henderson,1949-1959,41,41,0,54,3,0,14,1,0,18,19
John Burgess,1950-1950,2,2,0,3,0,0,1,0,0,0,1
Arthur Curtis,1950-1950,3,3,0,3,1,0,0,0,0,1,1
Des McKibbin,1950-1951,8,8,0,3,0,0,1,0,0,4,2
Louis Crowe,1950-1950,3,3,0,3,1,0,0,0,0,1,2
George Phipps,1950-1952,5,5,0,0,0,0,0,0,0,1,4
John Blayney,1950-1950,1,1,0,3,1,0,0,0,0,1,0
Jack Molony,1950-1950,1,1,0,0,0,0,0,0,0,1,0
Hex Uprichard,1950-1950,2,2,0,0,0,0,0,0,0,1,1
Richard Chambers,1951-1952,6,6,0,0,0,0,0,0,0,4,1
Cornelius Griffin,1951-1951,2,2,0,0,0,0,0,0,0,2,0
John O'Meara,1951-1958,22,22,0,6,2,0,0,0,0,10,9
John Smith,1951-1954,12,12,0,0,0,0,0,0,0,5,6
Harry Millar,1951-1952,5,5,0,0,0,0,0,0,0,3,1
James Brady,1951-1957,12,12,0,0,0,0,0,0,0,6,4
Patrick Lawlor,1951-1956,12,12,0,3,1,0,0,0,0,5,7
Angus McMorrow,1951-1951,1,1,0,0,0,0,0,0,0,0,0
Antony Browne,1951-1951,1,1,0,3,1,0,0,0,0,0,1
Gerry Murphy,1951-1958,6,6,0,5,0,1,1,0,0,1,5
Robin Thompson,1951-1956,14,14,0,0,0,0,0,0,0,4,10
John Notley,1952-1952,2,2,0,2,0,1,0,0,0,2,0
Mick Dargan,1952-1952,2,2,0,0,0,0,0,0,0,1,1
Archie O'Leary,1952-1952,3,3,0,0,0,0,0,0,0,1,2
Niall Bailey,1952-1952,1,1,0,0,0,0,0,0,0,0,1
Michael Hillary,1952-1952,1,1,0,0,0,0,0,0,0,0,1
Patrick Kavanagh,1952-1955,2,2,0,0,0,0,0,0,0,0,2
William O'Neill,1952-1954,6,6,0,0,0,0,0,0,0,2,3
Robin Roe,1952-1957,21,21,0,0,0,0,0,0,0,7,12
Fuzzy Anderson,1953-1955,13,13,0,0,0,0,0,0,0,3,8
Ewart Bell,1953-1953,4,4,0,0,0,0,0,0,0,2,1
Robin Gregg,1953-1954,7,7,0,12,0,6,0,0,0,3,3
James Kavanagh,1953-1962,35,35,0,12,4,0,0,0,0,12,21
Maurice Mortell,1953-1954,9,9,0,15,5,0,0,0,0,3,5
Tom Reid,1953-1957,15,15,0,0,0,0,0,0,0,4,9
Seamus Byrne,1953-1955,3,3,0,12,4,0,0,0,0,1,2
Cecil Pedlow,1953-1963,32,32,0,36,4,6,4,0,0,7,23
Gerard Reidy,1953-1954,5,5,0,0,0,0,0,0,0,1,4
Joseph Gaston,1954-1956,8,8,0,3,1,0,0,0,0,1,7
John Hewitt,1981-1981,2,0,2,0,0,0,0,0,0,2,0
James Murphy-O'Connor,1954-1954,1,1,0,3,0,0,1,0,0,0,1
Gordon Wood,1954-1961,31,31,0,3,1,0,0,0,0,10,21
Robin Godfrey,1954-1954,2,2,0,0,0,0,0,0,0,1,1
Seamus Kelly,1954-1960,5,5,0,12,0,0,4,0,0,1,4
Patrick Berkery,1954-1958,11,11,0,5,0,1,1,0,0,6,5
Herbert McCracken,1954-1954,1,1,0,0,0,0,0,0,0,0,1
Marney Cunningham,1955-1956,7,7,0,3,1,0,0,0,0,2,4
William O'Connell,1955-1955,1,1,0,0,0,0,0,0,0,0,1
Patrick O'Donoghue,1955-1958,11,11,0,0,0,0,0,0,0,4,6
Tony O'Reilly,1955-1970,39,39,0,30,10,0,0,0,0,15,23
William Tector,1955-1955,3,3,0,0,0,0,0,0,0,0,2
Mick Madden,1955-1955,3,3,0,0,0,0,0,0,0,0,2
Dick Roche,1955-1957,4,4,0,0,0,0,0,0,0,1,2
Sean McDermott,1955-1955,2,2,0,0,0,0,0,0,0,0,2
David MacSweeney,1955-1955,1,1,0,0,0,0,0,0,0,0,1
George Ross,1955-1955,1,1,0,0,0,0,0,0,0,0,1
Cecil Fagan,1956-1956,3,3,0,0,0,0,0,0,0,1,2
Adrian Kennedy,1956-1956,1,1,0,0,0,0,0,0,0,0,1
Jimmy McKelvey,1956-1956,2,2,0,0,0,0,0,0,0,0,2
Andy Mulligan,1956-1961,23,23,0,0,0,0,0,0,0,7,16
Sean Quinlan,1956-1958,4,4,0,0,0,0,0,0,0,1,3
James Ritchie,1956-1956,2,2,0,0,0,0,0,0,0,0,2
Noel Feddis,1956-1956,1,1,0,0,0,0,0,0,0,0,1
Brendan Guerin,1956-1956,1,1,0,0,0,0,0,0,0,1,0
Charlie Lydon,1956-1956,1,1,0,0,0,0,0,0,0,1,0
Leo Lynch,1956-1956,1,1,0,0,0,0,0,0,0,1,0
Timothy McGrath,1956-1961,7,7,0,0,0,0,0,0,0,1,6
Niall Brophy,1957-1967,22,22,0,12,4,0,0,0,0,7,12
Hubert O'Connor,1957-1957,4,4,0,0,0,0,0,0,0,2,2
Tony O'Sullivan,1957-1963,15,15,0,3,1,0,0,0,0,5,9
James Brennan,1957-1957,2,2,0,0,0,0,0,0,0,1,1
Ronnie Dawson,1958-1964,33,33,0,6,2,0,0,0,0,10,21
James Donaldson,1958-1958,4,4,0,0,0,0,0,0,0,2,2
Dave Hewitt,1958-1965,24,24,0,32,2,4,6,0,0,8,16
Bill Mulcahy,1958-1965,41,41,0,0,0,0,0,0,0,12,25
Noel Murphy,1958-1969,49,49,0,18,6,0,0,0,0,20,27
James Stevenson,1958-1958,5,5,0,0,0,0,0,0,0,2,3
Michael English,1958-1963,16,16,0,9,0,0,0,3,0,3,11
Eric Brown,1958-1958,1,1,0,0,0,0,0,0,0,0,1
Dion Glass,1958-1961,4,4,0,0,0,0,0,0,0,0,4
Syd Millar,1958-1970,46,46,0,0,0,0,0,0,0,14,27
Gerry Culliton,1959-1964,19,19,0,3,1,0,0,0,0,4,15
John Dooley,1959-1959,3,3,0,3,1,0,0,0,0,1,2
Kevin Flynn,1959-1973,22,22,0,17,5,0,0,0,0,8,10
Walter Bornemann,1960-1960,4,4,0,0,0,0,0,0,0,0,4
Tom Kiernan,1960-1973,59,59,0,193,2,27,42,2,0,23,28
Barton McCallan,1960-1960,2,2,0,0,0,0,0,0,0,0,2
Jerry Walsh,1960-1967,26,26,0,3,1,0,0,0,0,9,15
Locky Butler,1960-1960,1,1,0,0,0,0,0,0,0,0,1
Paddy Costello,1960-1960,1,1,0,0,0,0,0,0,0,0,1
William Armstrong,1960-1961,2,2,0,0,0,0,0,0,0,1,1
Ronald McCarten,1961-1961,3,3,0,0,0,0,0,0,0,1,2
Jonathan Moffett,1961-1961,2,2,0,10,0,2,2,0,0,1,1
Ian Dick,1961-1963,8,8,0,0,0,0,0,0,0,1,5
Tom Nesdale,1961-1961,1,1,0,0,0,0,0,0,0,0,1
Dennis Scott,1961-1962,3,3,0,0,0,0,0,0,0,0,3
Kenneth Houston,1961-1965,6,6,0,0,0,0,0,0,0,2,3
Jimmy Dick,1962-1962,1,1,0,0,0,0,0,0,0,0,1
Francis Gilpin,1962-1962,3,3,0,0,0,0,0,0,0,0,3
Michael Hipwell,1962-1972,12,10,2,0,0,0,0,0,0,5,6
Ray Hunter,1962-1966,10,10,0,6,1,0,1,0,0,0,7
Laurence l'Estrange,1962-1962,1,1,0,0,0,0,0,0,0,0,1
Willie-John McBride,1962-1975,80,80,0,7,2,0,0,0,0,33,34
Ray McLoughlin,1962-1975,43,43,0,7,2,0,0,0,0,18,18
John Quirke,1962-1968,3,3,0,0,0,0,0,0,0,1,2
Noel Turley,1962-1962,1,1,0,0,0,0,0,0,0,0,1
Gerald Hardy,1962-1962,1,1,0,0,0,0,0,0,0,0,1
Noel Byrne,1962-1962,1,1,0,0,0,0,0,0,0,0,1
James Kelly,1962-1964,11,11,0,0,0,0,0,0,0,2,7
Patrick Dwyer,1962-1964,5,5,0,0,0,0,0,0,0,0,4
Matthew Kiely,1962-1963,5,5,0,0,0,0,0,0,0,1,2
Mick O'Callaghan,1962-1964,3,3,0,0,0,0,0,0,0,1,1
Patrick Casey,1963-1965,12,12,0,9,3,0,0,0,0,4,6
John Murray,1963-1963,1,1,0,0,0,0,0,0,0,0,1
Eamonn McGuire,1963-1964,8,8,0,0,0,0,0,0,0,2,5
Brian Marshall,1963-1963,1,1,0,0,0,0,0,0,0,0,0
Alan Duggan,1963-1972,25,25,0,34,11,0,0,0,0,14,8
John Fortune,1963-1964,2,2,0,3,1,0,0,0,0,1,1
Mike Gibson,1964-1979,81,80,1,112,9,7,16,6,0,31,39
Fergus Keogh,1964-1964,2,2,0,6,0,0,2,0,0,0,2
Paddy Lane,1964-1964,1,1,0,0,0,0,0,0,0,0,1
Mick Leahy,1964-1964,1,1,0,0,0,0,0,0,0,0,1
Al Moroney,1964-1967,3,3,0,0,0,0,0,0,0,1,2
Mick Doyle,1965-1968,21,21,0,6,2,0,0,0,0,11,7
Ken Kennedy,1965-1975,49,49,0,3,1,0,0,0,0,25,17
Ronnie Lamont,1965-1970,16,16,0,6,2,0,0,0,0,5,8
Sean MacHale,1965-1967,12,12,0,0,0,0,0,0,0,6,4
Roger Young,1965-1971,30,30,0,3,1,0,0,0,0,15,11
Paddy McGrath,1965-1967,10,10,0,12,4,0,0,0,0,6,3
Henry Wall,1965-1965,2,2,0,0,0,0,0,0,0,1,1
Mick Molloy,1966-1976,27,27,0,6,2,0,0,0,0,14,10
Barry Bresnihan,1966-1971,28,28,0,15,5,0,0,0,0,13,10
Aidan Brady,1966-1968,4,4,0,0,0,0,0,0,0,2,1
Oliver Waldron,1966-1968,3,3,0,0,0,0,0,0,0,2,1
Ken Goodall,1967-1970,19,19,0,9,3,0,0,0,0,12,5
Philo O'Callaghan,1967-1976,21,21,0,0,0,0,0,0,0,10,9
Harry Rea,1967-1969,2,2,0,0,0,0,0,0,0,2,0
Brendan Sherry,1967-1968,6,6,0,0,0,0,0,0,0,3,2
Robert Scott,1967-1968,5,5,0,0,0,0,0,0,0,1,3
Sam Hutton,1967-1967,4,4,0,0,0,0,0,0,0,3,1
Terry Moore,1967-1974,12,12,0,4,1,0,0,0,0,5,4
Billy McCombe,1968-1975,5,5,0,32,1,5,4,2,0,2,3
Brian O'Brien,1968-1968,3,3,0,0,0,0,0,0,0,1,1
Thomas Doyle,1968-1968,3,3,0,0,0,0,0,0,0,2,0
Laurence Hunter,1968-1968,2,2,0,0,0,0,0,0,0,2,0
John Moroney,1968-1969,6,6,0,20,1,4,3,0,0,5,1
Jim Tydings,1968-1968,1,1,0,0,0,0,0,0,0,1,0
James Davidson,1969-1976,6,6,0,0,0,0,0,0,0,3,2
Barry McGann,1969-1976,25,25,0,72,1,3,15,6,0,11,11
Colin Grimshaw,1969-1969,1,0,1,0,0,0,0,0,0,1,0
William Brown,1970-1970,4,4,0,3,1,0,0,0,0,2,1
Eric Campbell,1970-1970,1,1,0,0,0,0,0,0,0,0,0
Fergus Slattery,1970-1984,65,65,0,12,3,0,0,0,0,27,30
Edwin Grant,1971-1971,4,4,0,9,3,0,0,0,0,1,2
Denis Hickie,1997-2007,63,63,0,145,29,0,0,0,40,22,1
Sean Lynch,1971-1974,21,21,0,0,0,0,0,0,0,9,7
Barry O'Driscoll,1971-1971,4,3,1,6,0,0,2,0,0,1,2
Con Feighery,1972-1972,3,3,0,0,0,0,0,0,0,3,0
Tom Grace,1972-1978,25,25,0,24,6,0,0,0,0,9,14
Stewart McKinney,1972-1978,25,24,1,11,2,0,1,0,0,9,15
Arthur McMaster,1972-1976,18,18,0,8,2,0,0,0,0,8,8
John Moloney,1972-1980,27,27,0,16,4,0,0,0,0,14,10
Kevin Mays,1973-1973,4,4,0,0,0,0,0,0,0,1,2
James Buckley,1973-1973,2,2,0,0,0,0,0,0,0,1,1
Dick Milliken,1973-1975,18,18,0,12,3,0,0,0,0,9,6
Anthony Ensor,1973-1978,22,22,0,31,1,0,9,0,0,7,13
Roger Clegg,1973-1975,5,5,0,0,0,0,0,0,0,3,2
Seamus Dennison,1973-1975,3,3,0,4,1,0,0,0,0,2,1
Michael Quinn,1973-1981,10,10,0,18,0,0,4,2,0,3,5
Vinny Becker,1974-1974,2,2,0,0,0,0,0,0,0,0,1
Moss Keane,1974-1984,52,52,0,4,1,0,0,0,0,17,31
Paddy Agnew,1974-1976,2,1,1,0,0,0,0,0,0,0,2
Shay Deering,1974-1978,8,8,0,0,0,0,0,0,0,1,6
Patrick Lavery,1974-1976,2,2,0,0,0,0,0,0,0,0,1
Alan Doherty,1974-1974,1,0,1,0,0,0,0,0,0,0,0
James Crowe,1974-1974,1,1,0,0,0,0,0,0,0,0,1
Pat Parfrey,1974-1974,1,1,0,0,0,0,0,0,0,0,1
Willie Duggan,1975-1984,45,45,0,8,2,0,0,0,0,13,31
Pa Whelan,1975-1981,19,19,0,0,0,0,0,0,0,3,14
Michael Sherry,1975-1975,2,2,0,0,0,0,0,0,0,1,1
Ollie Campbell,1976-1984,29,28,1,243,1,16,61,8,0,11,18
John Cantrell,1976-1981,9,9,0,0,0,0,0,0,0,1,8
Ian McIlrath,1976-1977,5,5,0,0,0,0,0,0,0,0,5
Phelim McLoughlin,1976-1976,1,1,0,0,0,0,0,0,0,0,1
John Robbie,1976-1981,10,10,0,9,0,0,3,0,0,1,9
Brendan Foley,1976-1981,11,10,1,0,0,0,0,0,0,2,9
Philip Orr,1976-1987,59,59,0,0,0,0,0,0,0,20,36
Donal Canniffe,1976-1976,2,2,0,0,0,0,0,0,0,1,1
Ronnie Hakin,1976-1977,6,6,0,0,0,0,0,0,0,0,6
Lawrence Moloney,1976-1978,4,2,2,0,0,0,0,0,0,1,3
Stephen Blake-Knox,1976-1977,3,2,1,0,0,0,0,0,0,1,2
Joseph Brady,1976-1976,2,2,0,0,0,0,0,0,0,1,1
Harold Steele,1976-1979,10,10,0,0,0,0,0,0,0,4,5
Christopher McKibbin,1976-1976,1,0,1,0,0,0,0,0,0,0,1
Jimmy Bowen,1977-1977,3,3,0,0,0,0,0,0,0,0,3
Thomas Feighery,1977-1977,2,2,0,0,0,0,0,0,0,0,2
Robbie McGrath,1977-1984,16,15,1,4,1,0,0,0,0,6,10
Alistair McKibbin,1977-1980,14,14,0,0,0,0,0,0,0,3,9
Frank Wilson,1977-1977,3,3,0,0,0,0,0,0,0,0,3
Ned Byrne,1977-1978,6,6,0,0,0,0,0,0,0,0,6
Charles Murtagh,1977-1977,1,1,0,0,0,0,0,0,0,0,1
Raymond Finn,1977-1977,1,1,0,0,0,0,0,0,0,0,1
Freddie McLennan,1977-1981,18,18,0,16,4,0,0,0,0,2,14
Mick Fitzpatrick,1978-1985,10,9,1,0,0,0,0,0,3,6,1
Paul McNaughton,1978-1981,15,15,0,0,0,0,0,0,6,7,2
John O'Driscoll,1978-1984,32,32,0,12,3,0,0,0,12,20,0
Donal Spring,1978-1981,7,7,0,0,0,0,0,0,3,3,1
Tony Ward,1978-1987,20,19,1,131,0,7,34,5,5,13,2
Terry Kennedy,1978-1981,13,12,1,4,1,0,0,0,5,7,1
Colin Patterson,1978-1980,14,14,0,20,5,0,0,0,5,7,2
Michael Gibson,1979-1988,10,9,1,0,0,0,0,0,3,5,2
Ginger McLoughlin,1979-1984,18,18,0,4,1,0,0,0,9,7,2
Dick Spring,1979-1979,3,3,0,0,0,0,0,0,1,1,1
Colm Tucker,1979-1980,5,4,1,0,0,0,0,0,1,3,1
Moss Finn,1979-1986,14,14,0,16,4,0,0,0,7,7,0
Ron Elliott,1979-1979,1,1,0,0,0,0,0,0,0,0,1
Ciaran Fitzgerald,1979-1986,29,29,0,4,1,0,0,0,13,15,1
Rodney O'Donnell,1979-1980,6,6,0,0,0,0,0,0,4,2,0
Frank Ennis,1979-1979,1,0,1,0,0,0,0,0,1,0,0
James Glennon,1980-1987,7,5,2,0,0,0,0,0,3,4,0
Kevin O'Brien,1980-1981,3,2,1,4,1,0,0,0,0,3,0
Ian Burns,1980-1980,1,0,1,0,0,0,0,0,0,1,0
David Irwin,1980-1990,28,27,1,8,2,0,0,0,7,21,0
Hugo MacNeill,1981-1988,40,38,2,46,10,0,1,1,15,24,1
Francis Quinn,1981-1981,3,3,0,0,0,0,0,0,0,3,0
Kenneth Hooks,1981-1991,6,6,0,4,1,0,0,0,2,4,0
Paul Dean,1981-1989,32,32,0,19,4,0,0,1,13,18,1
Jerry Holland,1981-1986,3,3,0,0,0,0,0,0,0,3,0
John Murphy,1992-1992,1,1,0,0,0,0,0,0,0,1,0
John Hewitt,1981-1981,2,0,2,0,0,0,0,0,0,2,0
Donal Lenihan,1981-1992,53,53,0,4,1,0,0,0,21,31,1
Trevor Ringland,1981-1988,36,36,0,36,9,0,0,0,14,21,1
Michael Kiernan,1982-1991,46,45,1,308,6,40,62,6,18,27,1
Keith Crossan,1982-1992,41,41,0,48,12,0,0,0,17,23,1
Ronan Kearney,1982-1986,4,4,0,0,0,0,0,0,0,4,0
Rory Moroney,1984-1985,3,3,0,0,0,0,0,0,0,2,1
William Duncan,1984-1984,2,2,0,0,0,0,0,0,0,2,0
JJ McCoy,1984-1989,16,16,0,0,0,0,0,0,7,8,1
Harry Harbison,1984-1987,8,7,1,0,0,0,0,0,3,5,0
Tony Doyle,1984-1984,2,2,0,0,0,0,0,0,0,2,0
Des Fitzgerald,1984-1992,35,33,2,0,0,0,0,0,8,26,1
Derek McGrath,1984-1987,5,5,0,0,0,0,0,0,2,3,0
Hugh Condon,1984-1984,1,0,1,0,0,0,0,0,0,1,0
Willie Anderson,1984-1990,27,27,0,4,1,0,0,0,10,16,1
Michael Bradley,1984-1995,40,40,0,21,5,0,0,0,15,23,2
Philip Matthews,1984-1992,38,38,0,16,4,0,0,0,12,24,2
Brendan Mullin,1984-1995,57,57,0,72,17,1,0,0,19,37,1
William Sexton,1984-1988,3,3,0,0,0,0,0,0,1,2,0
Nigel Carr,1985-1987,12,12,0,0,0,0,0,0,6,5,1
Brian Spillane,1985-1989,13,11,2,4,1,0,0,0,5,7,1
Brian McCall,1985-1986,3,2,1,4,1,0,0,0,0,2,1
Robert Morrow,1986-1986,3,3,0,0,0,0,0,0,0,3,0
Paul Kennedy,1986-1986,2,2,0,0,0,0,0,0,0,2,0
Ralph Keyes,1986-1992,8,8,0,94,1,9,22,2,2,6,0
Terry Kingston,1987-1996,30,28,2,8,2,0,0,0,14,15,1
Paul Collins,1987-1990,2,1,1,0,0,0,0,0,1,1,0
John McDonald,1987-1990,4,3,1,0,0,0,0,0,2,2,0
Neil Francis,1987-1996,36,36,0,19,4,0,0,0,13,22,1
Job Langbroek,1987-1987,1,1,0,0,0,0,0,0,1,0,0
Phil Danaher,1988-1995,28,27,1,6,0,0,2,0,9,18,1
John Fitzgerald,1988-1994,12,12,0,4,1,0,0,0,3,8,1
Don Whittle,1988-1988,1,1,0,0,0,0,0,0,0,1,0
Tom Clancy,1988-1989,9,9,0,0,0,0,0,0,3,6,0
Denis McBride,1988-1997,32,29,3,18,4,0,0,0,12,19,1
Michael Moylett,1988-1988,1,1,0,0,0,0,0,0,0,1,0
Fergus Aherne,1988-1992,16,15,1,4,1,0,0,0,4,12,0
Vince Cunningham,1988-1994,16,14,2,14,3,1,0,0,7,9,0
John Sexton,1988-1989,4,4,0,7,1,0,0,1,2,2,0
Steve Smith,1988-1993,25,25,0,8,2,0,0,0,4,20,1
Noel Mannion,1988-1993,16,15,1,12,3,0,0,0,6,10,0
Pat O'Hara,1988-1994,15,14,1,4,1,0,0,0,7,8,0
Fergus Dunlea,1989-1989,3,3,0,4,1,0,0,0,1,2,0
Paul Haycock,1989-1989,1,1,0,0,0,0,0,0,0,1,0
Nick Popplewell,1989-1998,51,49,2,13,3,0,0,0,16,34,1
Philip Rainey,1989-1989,1,1,0,0,0,0,0,0,0,1,0
Brian Smith,1987-1991,15,14,1,52,4,9,4,2,6,7,2
Gary Halpin,1990-1995,11,10,1,5,1,0,0,0,3,8,0
Kenny Murphy,1990-1992,11,8,3,0,0,0,0,0,2,8,1
Peter Russell,1990-1992,4,4,0,23,0,4,5,0,0,4,0
Paddy Johns,1990-2000,59,57,2,20,4,0,0,0,22,36,1
Philip Lawlor,1990-1993,3,3,0,0,0,0,0,0,1,2,0
Alain Rolland,1990-1995,3,1,2,0,0,0,0,0,2,1,0
Mick Galwey,1991-2002,41,36,5,15,3,0,0,0,18,20,3
Simon Geoghegan,1991-1996,37,37,0,51,11,0,0,0,12,23,2
Gordon Hamilton,1991-1992,10,10,0,4,1,0,0,0,2,7,1
Brian Rigney,1991-1992,8,7,1,0,0,0,0,0,0,7,1
Brian Robinson,1991-1994,25,25,0,25,6,0,0,0,5,18,2
Rob Saunders,1991-1994,12,11,1,0,0,0,0,0,2,9,1
Jack Clarke,1991-1992,6,5,1,4,1,0,0,0,1,4,1
David Curtis,1991-1992,13,12,1,7,1,0,0,1,2,10,1
Jim Staples,1991-1997,26,26,0,25,5,2,0,0,6,19,1
Richard Wallace,1991-1998,29,28,1,23,5,0,0,0,9,19,1
Nicky Barry,1991-1991,1,0,1,0,0,0,0,0,0,1,0
Michael Fitzgibbon,1992-1992,6,6,0,0,0,0,0,0,0,6,0
Paul Hogan,1992-1992,1,1,0,0,0,0,0,0,0,1,0
Ronald Carey,1992-1992,2,2,0,0,0,0,0,0,0,2,0
Neville Furlong,1992-1992,2,2,0,4,1,0,0,0,0,2,0
Kelvin Leahy,1992-1992,1,1,0,0,0,0,0,0,0,1,0
Paul McCarthy,1992-1993,5,4,1,0,0,0,0,0,1,4,0
Mark McCall,1992-1998,13,11,2,0,0,0,0,0,1,12,0
Paddy Kenny,1992-1992,1,0,1,0,0,0,0,0,0,1,0
John Murphy,1992-1992,1,1,0,0,0,0,0,0,0,1,0
Richard Costello,1993-1993,1,1,0,0,0,0,0,0,0,1,0
Niall Malone,1993-1994,3,2,1,9,0,0,3,0,1,2,0
Colin Wilkinson,1993-1993,1,1,0,0,0,0,0,0,0,1,0
Ciaran Clarke,1993-1998,5,5,0,3,0,0,0,1,2,3,0
Peter Clohessy,1993-2002,54,49,5,20,4,0,0,0,24,29,1
Brian Glennon,1993-1993,1,0,1,0,0,0,0,0,0,1,0
Eric Elwood,1993-1999,35,31,4,296,0,43,68,2,15,19,1
Conor O'Shea,1993-2000,35,34,1,44,6,1,3,1,12,22,1
Ken O'Connell,1994-1994,2,1,1,0,0,0,0,0,1,1,0
Maurice Field,1994-1997,17,10,7,0,0,0,0,0,6,10,1
Jonathan Bell,1994-2003,36,31,5,40,8,0,0,0,16,20,0
David Corkery,1994-1999,27,25,2,15,3,0,0,0,7,20,0
Keith Wood,1994-2003,63,60,3,75,15,0,0,0,26,36,1
Niall Woods,1994-1999,8,8,0,5,1,0,0,0,2,6,0
Gabriel Fulcher,1994-1998,20,17,3,5,1,0,0,0,7,13,0
Alan McGowan,1994-1994,1,1,0,13,0,2,3,0,1,0,0
Paul Burke,1995-2003,13,7,6,108,0,12,27,1,7,6,0
Anthony Foley,1995-2005,62,59,3,25,5,0,0,0,37,24,1
Niall Hogan,1995-1997,13,13,0,5,1,0,0,0,5,8,0
Ben Cronin,1995-1997,2,2,0,0,0,0,0,0,0,2,0
Eddie Halvey,1995-1997,8,5,3,10,2,0,0,0,4,4,0
Davy Tweed,1995-1995,4,4,0,0,0,0,0,0,2,2,0
David O'Mahony,1995-1995,1,1,0,0,0,0,0,0,0,1,0
Darragh O'Mahony,1995-1998,4,4,0,5,1,0,0,0,1,3,0
Paul Wallace,1995-2002,49,38,11,25,5,0,0,0,22,26,1
Jeremy Davidson,1995-2001,35,27,8,0,0,0,0,0,15,19,1
Chris Saverimutto,1995-1996,3,3,0,0,0,0,0,0,2,1,0
Allen Clarke,1995-1998,8,4,4,0,0,0,0,0,4,4,0
Henry Hurley,1995-1996,2,1,1,0,0,0,0,0,1,1,0
Sean McCahill,1995-1995,1,0,1,0,0,0,0,0,1,0,0
Victor Costello,1996-2004,39,29,10,20,4,0,0,0,20,19,0
Kurt McQuilkin,1996-1997,5,4,1,0,0,0,0,0,1,4,0
David Humphreys,1996-2005,72,44,28,560,6,88,110,8,37,34,1
Simon Mason,1996-1996,3,3,0,42,0,3,12,0,1,2,0
Rob Henderson,1996-2003,32,19,13,30,6,0,0,0,16,16,0
James Topping,1996-2003,8,8,0,5,1,0,0,0,2,6,0
Dominic Crotty,1996-2000,5,5,0,0,0,0,0,0,1,3,1
Stephen McIvor,1996-1997,3,2,1,0,0,0,0,0,0,3,0
Eric Miller,1997-2005,49,28,21,30,6,0,0,0,29,19,1
Paul Flavin,1997-1997,2,1,1,0,0,0,0,0,0,2,0
Denis Hickie,1997-2007,63,63,0,145,29,0,0,0,40,22,1
Ross Nesdale,1997-1999,13,7,6,0,0,0,0,0,6,7,0
Brian O'Meara,1997-2003,9,2,7,0,0,0,0,0,5,4,0
Kieron Dawson,1997-2003,21,17,4,10,2,0,0,0,14,7,0
Conor McGuinness,1997-1999,14,13,1,5,1,0,0,0,4,10,0
John McWeeney,1997-1997,1,1,0,0,0,0,0,0,0,1,0
Kevin Nowlan,1997-1997,3,3,0,10,2,0,0,0,1,2,0
Malcolm O'Kelly,1997-2009,92,80,12,40,8,0,0,0,51,41,0
David Erskine,1997-1997,3,2,1,0,0,0,0,0,1,2,0
Kevin Maggs,1997-2005,70,59,11,75,15,0,0,0,39,30,1
Reggie Corrigan,1997-2006,47,40,7,0,0,0,0,0,27,20,0
Dylan O'Grady,1997-1997,1,1,0,0,0,0,0,0,0,1,0
Andy Ward,1998-2001,28,20,8,15,3,0,0,0,12,15,1
Killian Keane,1998-1998,1,0,1,0,0,0,0,0,0,1,0
Justin Bishop,1998-2003,25,25,0,40,8,0,0,0,9,15,1
Justin Fitzpatrick,1998-2003,26,9,17,0,0,0,0,0,15,10,1
Dion O'Cuinneagain,1998-2000,19,16,3,5,1,0,0,0,8,11,0
Trevor Brennan,1998-2001,13,5,8,0,0,0,0,0,6,7,0
Pat Duignan,1998-1998,2,2,0,5,1,0,0,0,2,0,0
Girvan Dempsey,1998-2008,82,68,14,95,19,0,0,0,50,32,0
Cieran Scally,1998-1999,4,2,2,10,2,0,0,0,3,1,0
Matt Mostyn,1999-1999,6,6,0,15,3,0,0,0,3,3,0
Brian O'Driscoll,1999-2014,141,140,1,250,47,0,0,5,82,57,2
Tom Tierney,1999-2000,8,8,0,5,1,0,0,0,3,5,0
Mike Mullins,1999-2003,16,10,6,15,3,0,0,0,12,3,1
Bob Casey,1999-2009,7,3,4,5,1,0,0,0,3,3,1
Gordon D'Arcy,1999-2015,83,74,9,35,7,0,0,0,53,28,2
Angus McKeen,1999-1999,1,0,1,0,0,0,0,0,1,0,0
Alan Quinlan,1999-2008,27,11,16,30,6,0,0,0,19,8,0
Simon Easterby,2000-2008,67,59,8,45,9,0,0,0,43,23,1
John Hayes,2000-2011,107,100,7,10,2,0,0,0,67,37,3
Shane Horgan,2000-2009,69,62,7,105,21,0,0,0,40,27,2
Ronan O'Gara,2000-2013,130,87,43,1083,16,176,202,15,73,54,3
Peter Stringer,2000-2011,98,81,17,30,6,0,0,0,67,30,1
Peter McKenna,2000-2000,1,1,0,0,0,0,0,0,0,1,0
David Wallace,2000-2011,75,68,7,60,12,0,0,0,45,29,1
Guy Easterby,2000-2005,28,7,21,30,6,0,0,0,24,3,1
Tyrone Howe,2000-2004,14,13,1,30,6,0,0,0,11,3,0
Geordan Murphy,2000-2011,74,57,17,98,18,1,1,1,43,29,2
Marcus Horan,2000-2011,67,48,19,30,6,0,0,0,44,23,0
Frank Sheahan,2000-2007,29,11,18,25,5,0,0,0,23,6,0
Gary Longwell,2000-2004,26,18,8,5,1,0,0,0,17,9,0
Emmet Byrne,2001-2003,9,1,8,0,0,0,0,0,6,3,0
Shane Byrne,2001-2005,45,34,11,15,3,0,0,0,30,14,1
Mick O'Driscoll,2001-2011,23,10,13,0,0,0,0,0,11,12,0
Jeremy Staunton,2001-2007,5,2,3,21,1,2,4,0,3,2,0
Paul O'Connell,2002-2015,115,106,9,40,8,0,0,0,69,44,2
Keith Gleeson,2002-2007,27,22,5,20,4,0,0,0,15,12,0
John Kelly,2002-2003,17,13,4,40,8,0,0,0,12,5,0
Leo Cullen,2002-2011,32,15,17,0,0,0,0,0,25,7,0
Donncha O'Callaghan,2003-2013,98,70,28,5,1,0,0,0,53,41,4
Mark McHugh,2003-2003,1,1,0,5,1,0,0,0,1,0,0
Simon Best,2003-2007,23,8,15,5,1,0,0,0,17,6,0
Anthony Horgan,2003-2005,7,6,1,5,1,0,0,0,5,2,0
Aidan McCullen,2003-2003,1,1,0,0,0,0,0,0,1,0,0
Paul Shields,2003-2003,2,0,2,0,0,0,0,0,2,0,0
Gavin Duffy,2004-2009,10,7,3,18,3,0,1,0,5,5,0
Johnny O'Connor,2004-2006,12,10,2,5,1,0,0,0,8,4,0
Tommy Bowe,2004-2017,74,72,2,150,30,0,0,0,40,32,2
Denis Leamy,2004-2011,57,41,16,10,2,0,0,0,36,20,1
Matt McCullough,2005-2005,4,2,2,0,0,0,0,0,2,2,0
Roger Wilson,2005-2005,1,1,0,0,0,0,0,0,1,0,0
Kieran Campbell,2005-2005,3,1,2,0,0,0,0,0,3,0,0
Trevor Hogan,2005-2007,4,1,3,0,0,0,0,0,3,1,0
Bernard Jackman,2005-2008,9,2,7,0,0,0,0,0,4,5,0
David Quinlan,2005-2005,2,1,1,0,0,0,0,0,2,0,0
Kieran Lewis,2005-2007,3,1,2,0,0,0,0,0,1,2,0
Neil Best,2005-2007,18,9,9,10,2,0,0,0,8,10,0
Rory Best,2005-2019,124,102,22,60,12,0,0,0,73,48,3
Jerry Flannery,2005-2011,41,25,16,15,3,0,0,0,23,17,1
Eoin Reddan,2006-2016,71,26,45,10,2,0,0,0,34,35,2
Isaac Boss,2006-2015,22,8,14,15,3,0,0,0,14,8,0
Bryan Young,2006-2007,8,5,3,0,0,0,0,0,3,5,0
Paddy Wallace,2006-2012,30,16,14,53,2,11,7,0,17,12,1
Stephen Ferris,2006-2012,35,30,5,10,2,0,0,0,19,14,2
Luke Fitzgerald,2006-2015,35,24,11,20,4,0,0,0,16,17,2
Jamie Heaslip,2006-2017,100,96,4,65,13,0,0,0,52,44,4
Brian Carney,2007-2007,4,3,1,5,1,0,0,0,1,3,0
Tony Buckley,2007-2011,25,9,16,10,2,0,0,0,11,14,0
Barry Murphy,2007-2009,4,3,1,5,1,0,0,0,2,2,0
Tomas O'Leary,2007-2012,24,19,5,15,3,0,0,0,13,10,1
Shane Jennings,2007-2012,13,6,7,5,1,0,0,0,6,7,0
Rob Kearney,2007-2019,98,93,5,87,17,1,0,0,53,42,3
Keith Earls,2008-2020,86,75,11,150,30,0,0,0,51,31,4
Donnacha Ryan,2008-2017,47,26,21,0,0,0,0,0,21,23,3
Tom Court,2009-2013,32,8,24,5,1,0,0,0,18,13,1
Darren Cave,2009-2015,11,9,2,10,2,0,0,0,9,2,0
Ian Dowling,2009-2009,2,2,0,0,0,0,0,0,2,0,0
Ian Keatley,2009-2017,7,3,4,37,0,5,9,0,7,0,0
John Muldoon,2009-2010,3,3,0,0,0,0,0,0,2,1,0
Niall Ronan,2009-2011,4,4,0,0,0,0,0,0,2,2,0
Ian Whitten,2009-2009,2,2,0,10,2,0,0,0,2,0,0
Ryan Caldwell,2009-2009,2,0,2,0,0,0,0,0,2,0,0
Mike Ross,2009-2016,61,59,2,0,0,0,0,0,37,22,2
Denis Hurley,2009-2009,1,0,1,0,0,0,0,0,1,0,0
Cian Healy,2009-2020,102,80,22,30,6,0,0,0,61,38,3
Johnny Sexton,2009-2020,100,90,10,855,15,120,176,4,60,37,3
Sean Cronin,2009-2019,72,10,62,30,6,0,0,0,46,23,3
Sean O'Brien,2009-2019,61,53,8,35,7,0,0,0,32,26,3
Kevin McLaughlin,2010-2013,8,4,4,0,0,0,0,0,2,6,0
John Fogarty,2010-2010,1,0,1,0,0,0,0,0,0,1,0
Dan Tuohy,2010-2015,11,6,5,5,1,0,0,0,6,5,0
Chris Henry,2010-2015,24,15,9,20,4,0,0,0,17,7,0
Rhys Ruddock,2010-2019,26,12,14,20,4,0,0,0,18,7,1
Damien Varley,2010-2014,3,0,3,0,0,0,0,0,2,1,0
Devin Toner,2010-2020,70,53,17,10,2,0,0,0,50,19,1
Fergus McFadden,2011-2018,34,15,19,50,10,0,0,0,19,13,2
Mike McCarthy,2011-2016,19,12,7,0,0,0,0,0,8,9,2
Felix Jones,2011-2015,13,5,8,15,3,0,0,0,9,4,0
Conor Murray,2011-2020,90,81,9,100,15,5,5,0,50,36,4
Peter O'Mahony,2012-2020,72,61,11,10,2,0,0,0,45,25,2
Declan Fitzpatrick,2012-2013,7,1,6,0,0,0,0,0,3,4,0
Simon Zebo,2012-2017,35,30,5,45,9,0,0,0,25,9,1
Ronan Loughney,2012-2012,1,0,1,0,0,0,0,0,0,1,0
Richardt Strauss,2012-2016,17,8,9,10,2,0,0,0,10,7,0
Michael Bent,2012-2015,4,0,4,0,0,0,0,0,3,1,0
Iain Henderson,2012-2020,56,31,25,25,5,0,0,0,38,17,1
Dave Kilcoyne,2012-2020,39,8,31,5,1,0,0,0,28,11,0
Craig Gilroy,2012-2017,10,8,2,25,5,0,0,0,6,4,0
Paddy Jackson,2013-2017,25,14,11,195,2,46,30,1,15,9,1
Luke Marshall,2013-2017,11,11,0,10,2,0,0,0,6,4,1
Ian Madigan,2013-2016,30,6,24,121,2,27,19,0,19,9,2
Stephen Archer,2013-2013,2,0,2,0,0,0,0,0,0,2,0
Paul Marshall,2013-2013,3,0,3,0,0,0,0,0,2,1,0
Robbie Henshaw,2013-2020,46,41,5,35,7,0,0,0,29,16,1
Stuart Olding,2013-2016,4,3,1,5,1,0,0,0,2,2,0
Jamie Hagan,2013-2013,1,0,1,0,0,0,0,0,1,0,0
Tommy O'Donnell,2013-2019,13,7,6,10,2,0,0,0,11,1,1
Mike Sherry,2013-2013,1,0,1,0,0,0,0,0,1,0,0
James Downey,2013-2013,1,1,0,0,0,0,0,0,1,0,0
Jack McGrath,2013-2019,59,34,25,10,2,0,0,0,40,17,2
Dave Kearney,2013-2019,19,15,4,25,5,0,0,0,12,6,1
Marty Moore,2014-2015,10,0,10,0,0,0,0,0,8,2,0
Jordi Murphy,2014-2019,30,16,14,15,3,0,0,0,24,6,0
Robbie Diack,2014-2014,2,2,0,0,0,0,0,0,2,0,0
Rodney Ah You,2014-2014,3,0,3,0,0,0,0,0,3,0,0
Kieran Marmion,2014-2019,27,8,19,25,5,0,0,0,22,5,0
James Cronin,2014-2016,3,0,3,0,0,0,0,0,2,1,0
Rob Herring,2014-2020,14,8,6,5,1,0,0,0,10,4,0
Noel Reid,2014-2014,1,0,1,0,0,0,0,0,1,0,0
Jared Payne,2014-2017,20,20,0,20,4,0,0,0,14,5,1
Dave Foley,2014-2014,2,1,1,0,0,0,0,0,2,0,0
Dominic Ryan,2014-2014,1,1,0,0,0,0,0,0,1,0,0
Robin Copeland,2014-2014,1,0,1,0,0,0,0,0,1,0,0
Jack Conan,2015-2019,17,12,5,30,6,0,0,0,15,2,0
Nathan White,2015-2016,13,4,9,0,0,0,0,0,7,5,1
Tadhg Furlong,2015-2020,47,36,11,25,5,0,0,0,29,16,2
CJ Stander,2016-2020,45,41,4,55,11,0,0,0,28,15,2
Stuart McCloskey,2016-2018,3,3,0,5,1,0,0,0,2,1,0
Josh van der Flier,2016-2020,27,20,7,10,2,0,0,0,19,8,0
Ultan Dillane,2016-2020,17,3,14,5,1,0,0,0,12,5,0
Finlay Bealham,2016-2020,13,2,11,0,0,0,0,0,9,4,0
Quinn Roux,2016-2020,14,8,6,15,3,0,0,0,9,5,0
Tiernan O'Halloran,2016-2017,6,3,3,10,2,0,0,0,4,2,0
Sean Reidy,2016-2017,2,0,2,5,1,0,0,0,1,1,0
Matt Healy,2016-2016,1,0,1,0,0,0,0,0,0,1,0
Joey Carbery,2016-2019,22,6,16,78,1,29,5,0,18,4,0
Billy Holland,2016-2016,1,1,0,0,0,0,0,0,1,0,0
Jack O'Donoghue,2016-2017,2,1,1,0,0,0,0,0,2,0,0
Garry Ringrose,2016-2020,30,27,3,42,8,1,0,0,22,8,0
Niyi Adeolokun,2016-2016,1,0,1,0,0,0,0,0,1,0,0
Dan Leavy,2016-2018,11,6,5,15,3,0,0,0,11,0,0
Luke McGrath,2016-2019,19,4,15,15,3,0,0,0,16,3,0
John Ryan,2016-2019,21,6,15,5,1,0,0,0,18,3,0
James Tracy,2016-2017,6,1,5,5,1,0,0,0,6,0,0
Niall Scannell,2017-2019,20,9,11,5,1,0,0,0,17,3,0
Andrew Conway,2017-2020,24,17,7,50,10,0,0,0,21,3,0
Jacob Stockdale,2017-2020,31,30,1,90,18,0,0,0,22,9,0
Dave Heffernan,2017-2020,4,0,4,5,1,0,0,0,3,1,0
Andrew Porter,2017-2020,30,8,22,5,1,0,0,0,22,8,0
James Ryan,2017-2020,30,27,3,15,3,0,0,0,22,8,0
Rory Scannell,2017-2017,3,1,2,6,0,3,0,0,3,0,0
Rory O'Loughlin,2017-2017,1,0,1,0,0,0,0,0,1,0,0
Kieran Treadwell,2017-2017,3,1,2,0,0,0,0,0,3,0,0
John Cooney,2017-2020,11,1,10,7,1,1,0,0,9,2,0
Bundee Aki,2017-2020,29,29,0,25,5,0,0,0,22,7,0
Darren Sweetnam,2017-2018,3,2,1,5,1,0,0,0,3,0,0
Chris Farrell,2017-2020,12,10,2,0,0,0,0,0,9,3,0
Adam Byrne,2017-2017,1,1,0,0,0,0,0,0,1,0,0
Jordan Larmour,2018-2020,24,11,13,35,7,0,0,0,17,7,0
Tadhg Beirne,2018-2020,16,8,8,15,3,0,0,0,11,5,0
Will Addison,2018-2019,4,3,1,0,0,0,0,0,4,0,0
Ross Byrne,2018-2020,9,2,7,13,0,5,1,0,5,4,0
Sammy Arnold,2018-2018,1,0,1,0,0,0,0,0,1,0,0
Jack Carty,2019-2019,10,2,8,16,0,5,2,0,7,3,0
Jean Kleyn,2019-2019,5,4,1,0,0,0,0,0,4,1,0
Mike Haley,2019-2019,1,0,1,0,0,0,0,0,1,0,0
Caelan Doris,2020-2020,6,5,1,0,0,0,0,0,3,3,0
Ronan Kelleher,2020-2020,5,2,3,0,0,0,0,0,3,2,0
Max Deegan,2020-2020,1,0,1,0,0,0,0,0,1,0,0
Will Connors,2020-2020,4,2,2,5,1,0,0,0,2,2,0
Hugo Keenan,2020-2020,4,4,0,10,2,0,0,0,2,2,0
Ed Byrne,2020-2020,3,0,3,0,0,0,0,0,2,1,0
Jamison Gibson-Park,2020-2020,4,2,2,0,0,0,0,0,2,2,0
James Lowe,2020-2020,2,2,0,5,1,0,0,0,1,1,0
Billy Burns,2020-2020,2,0,2,8,0,1,2,0,1,1,0
