ID,Player,Span,Matches,Starts,Subs,Points,Tries,Conversions,Penalties,Drop Goals,GfM,Won,Lost,Drawn
1,William Allen,1875-1875,1,1,0,0,0,0,0,0,0,0,1,0
2,George Andrews,1875-1875,2,2,0,0,0,0,0,0,0,0,2,0
3,W.H. Ash,1875-1877,3,3,0,0,0,0,0,0,0,0,3,0
4,Maurice Barlow,1875-1875,1,1,0,0,0,0,0,0,0,0,1,0
5,Richard Bell,1875-1875,2,2,0,0,0,0,0,0,0,0,2,0
6,Brab Casement,1875-1879,3,3,0,0,0,0,0,0,0,0,3,0
7,Abram Combe,1875-1875,1,1,0,0,0,0,0,0,0,0,1,0
8,Henry Cox,1875-1877,4,4,0,0,0,0,0,0,0,0,4,0
9,Abraham Cronyn,1875-1880,3,3,0,0,0,0,0,0,0,0,3,0
10,William Gaffikin,1875-1875,1,1,0,0,0,0,0,0,0,0,1,0
11,Edgar Galbraith,1875-1875,1,1,0,0,0,0,0,0,0,0,1,0
12,Richard Galbraith,1875-1877,3,3,0,0,0,0,0,0,0,0,3,0
13,Francis Hewson,1875-1875,1,1,0,0,0,0,0,0,0,0,1,0
14,Sandy McDonald,1875-1884,13,13,0,0,0,0,0,0,0,1,11,1
15,Edward MacIlwaine,1875-1875,2,2,0,0,0,0,0,0,0,0,2,0
16,Robert Maginniss,1875-1875,2,2,0,0,0,0,0,0,0,0,2,0
17,John Myles,1875-1875,1,1,0,0,0,0,0,0,0,0,1,0
18,George Stack,1875-1875,1,1,0,0,0,0,0,0,0,0,1,0
19,Robert Walkington,1875-1882,10,10,0,0,0,0,0,0,0,0,9,1
20,Henry Walsh,1875-1875,2,2,0,0,0,0,0,0,0,0,2,0
21,David Arnott,1875-1875,1,1,0,0,0,0,0,0,0,0,1,0
22,Tim Cuscaden,1875-1875,1,1,0,0,0,0,0,0,0,0,1,0
23,William Finlay,1875-1882,8,8,0,0,0,0,0,0,0,0,8,0
24,R. Greer,1875-1875,1,1,0,0,0,0,0,0,0,0,1,0
25,Edward Hobson,1875-1875,1,1,0,0,0,0,0,0,0,0,1,0
26,John Ireland,1875-1877,2,2,0,0,0,0,0,0,0,0,2,0
27,Hamilton Moore,1875-1877,2,2,0,0,0,0,0,0,0,0,2,0
28,Ashley Westby,1875-1875,1,1,0,0,0,0,0,0,0,0,1,0
29,Harry Brown,1877-1877,1,1,0,0,0,0,0,0,0,0,1,0
30,Thomas Brown,1877-1877,2,2,0,0,0,0,0,0,0,0,2,0
31,Henry Edwards,1877-1878,2,2,0,0,0,0,0,0,0,0,2,0
32,Thomas Gordon,1877-1878,3,3,0,0,0,0,0,0,0,0,3,0
33,William Hamilton,1877-1877,1,1,0,0,0,0,0,0,0,0,1,0
34,Harry Jackson,1877-1877,1,1,0,0,0,0,0,0,0,0,1,0
35,Hugh Kelly,1877-1880,6,6,0,0,0,0,0,0,0,0,6,0
36,Frederick Kidd,1877-1878,3,3,0,0,0,0,0,0,0,0,3,0
37,Augustus Whitestone,1877-1883,5,5,0,0,0,0,0,0,0,0,5,0
38,William Wilson,1877-1877,2,2,0,0,0,0,0,0,0,0,2,0
39,J. Currell,1877-1877,1,1,0,0,0,0,0,0,0,0,1,0
40,James Heron,1877-1879,2,2,0,0,0,0,0,0,0,0,2,0
41,Henry Murray,1877-1879,3,3,0,0,0,0,0,0,0,0,3,0
42,Garvett Shaw,1877-1877,1,1,0,0,0,0,0,0,0,0,1,0
43,Edward Croker,1878-1878,1,1,0,0,0,0,0,0,0,0,1,0
44,George Fagan,1878-1878,1,1,0,0,0,0,0,0,0,0,1,0
45,W. Griffiths,1878-1878,1,1,0,0,0,0,0,0,0,0,1,0
46,Barney Hughes,1878-1886,12,12,0,0,0,0,0,0,0,1,10,1
47,Robert Matier,1878-1879,2,2,0,0,0,0,0,0,0,0,2,0
48,William Moore,1878-1878,1,1,0,0,0,0,0,0,0,0,1,0
49,Frederick Schute,1878-1879,2,2,0,0,0,0,0,0,0,0,2,0
50,Arthur Archer,1879-1879,1,1,0,0,0,0,0,0,0,0,1,0
51,Jack Bagot,1879-1881,5,5,0,1,0,0,0,1,0,1,4,0
52,William Cummins,1879-1882,3,3,0,0,0,0,0,0,0,0,2,1
53,William Goulding,1879-1879,1,1,0,0,0,0,0,0,0,0,1,0
54,Thomas Harrison,1879-1881,3,3,0,0,0,0,0,0,0,0,3,0
55,William Neville,1879-1879,2,2,0,0,0,0,0,0,0,0,2,0
56,Henry Purdon,1879-1881,5,5,0,0,0,0,0,0,0,1,4,0
57,George Scriven,1879-1883,8,8,0,0,0,0,0,0,0,0,8,0
58,John Taylor,1879-1883,8,8,0,0,0,0,0,0,0,1,6,1
59,James Bristow,1879-1879,1,1,0,0,0,0,0,0,0,0,1,0
60,John Cuppaidge,1879-1880,3,3,0,0,1,0,0,0,0,0,3,0
61,Jack Keon,1879-1879,1,1,0,0,0,0,0,0,0,0,1,0
62,William Pike,1879-1883,5,5,0,0,0,0,0,0,0,1,3,1
63,Willington Willis,1879-1879,1,1,0,0,0,0,0,0,0,0,1,0
64,Arthur Forrest,1880-1885,8,8,0,0,1,0,0,0,0,1,6,1
65,William Heron,1880-1880,2,2,0,0,0,0,0,0,0,0,2,0
66,Meredith Johnston,1880-1886,8,8,0,0,1,0,0,0,0,1,6,1
67,Francis Kennedy,1880-1882,3,3,0,0,0,0,0,0,0,0,3,0
68,Alfred Miller,1880-1883,3,3,0,0,0,0,0,0,0,0,3,0
69,William Wallis,1880-1883,5,5,0,0,0,0,0,0,0,1,4,0
70,David Browning,1881-1881,2,2,0,0,0,0,0,0,0,1,1,0
71,John Burkitt,1881-1881,1,1,0,0,0,0,0,0,0,0,1,0
72,Alfred MacMullen,1881-1881,2,2,0,0,0,0,0,0,0,1,1,0
73,Jones Morell,1881-1882,4,4,0,0,0,0,0,0,0,1,2,1
74,William Peirce,1881-1881,1,1,0,0,0,0,0,0,0,0,1,0
75,Henry Spunner,1881-1884,3,3,0,0,0,0,0,0,0,1,2,0
76,Jack Johnston,1881-1887,9,9,0,0,0,0,0,0,0,2,7,0
77,Robert McLean,1881-1885,10,10,0,0,0,0,0,0,0,1,8,1
78,Joseph Atkinson,1882-1882,2,2,0,0,0,0,0,0,0,0,2,0
79,Gerrard Bent,1882-1882,2,2,0,0,0,0,0,0,0,0,1,1
80,Arthur Downing,1882-1882,1,1,0,0,0,0,0,0,0,0,1,0
81,William Fletcher,1882-1883,3,3,0,0,0,0,0,0,0,0,3,0
82,Ernest Greene,1882-1886,4,4,0,0,1,0,0,0,0,0,4,0
83,Frederick Heuston,1882-1883,3,3,0,0,0,0,0,0,0,0,3,0
84,John Kennedy,1882-1884,2,2,0,0,0,0,0,0,0,0,2,0
85,Ted McCarthy,1882-1882,1,1,0,0,0,0,0,0,0,0,1,0
86,Thomas McCarthy,1882-1882,1,1,0,0,0,0,0,0,0,0,1,0
87,Bob Thompson,1882-1882,1,1,0,0,0,0,0,0,0,0,1,0
88,Thomas Johnson-Smyth,1882-1882,1,1,0,0,0,0,0,0,0,0,0,1
89,Robert Nelson,1882-1886,4,4,0,0,0,0,0,0,0,0,3,1
90,Oliver Stokes,1882-1884,2,2,0,0,1,0,0,0,0,0,1,1
91,Edward Wolfe,1882-1882,1,1,0,0,0,0,0,0,0,0,0,1
92,John Buchanan,1882-1884,3,3,0,0,0,0,0,0,0,0,3,0
93,Robert Morrow,1882-1888,10,10,0,0,0,0,0,0,0,0,10,0
94,Alexander O'Sullivan,1882-1882,1,1,0,0,0,0,0,0,0,0,1,0
95,Joe Pedlow,1882-1884,2,2,0,0,0,0,0,0,0,0,2,0
96,Stewart Bruce,1883-1884,3,3,0,0,0,0,0,0,0,0,3,0
97,Henry King,1883-1883,2,2,0,0,0,0,0,0,0,0,2,0
98,Frank Moore,1883-1884,4,4,0,0,0,0,0,0,0,0,4,0
99,Rowland Scovell,1883-1884,2,2,0,0,0,0,0,0,0,0,2,0
100,Peyton Warren,1883-1883,1,1,0,0,0,0,0,0,0,0,1,0
101,Samuel Collier,1883-1883,1,1,0,0,0,0,0,0,0,0,1,0
102,Henry Brabazon,1884-1886,3,3,0,0,0,0,0,0,0,0,3,0
103,William Higgin,1884-1884,2,2,0,0,0,0,0,0,0,0,2,0
104,Francis Levis,1884-1884,1,1,0,0,0,0,0,0,0,0,1,0
105,Daniel Ross,1884-1886,5,5,0,0,0,0,0,0,0,0,5,0
106,William Rutherford,1884-1888,6,6,0,0,0,0,0,0,0,1,5,0
107,Alexander Gordon,1884-1884,1,1,0,0,0,0,0,0,0,0,1,0
108,Thomas Hobbs,1884-1885,2,2,0,0,0,0,0,0,0,0,2,0
109,Walter Kelly,1884-1884,1,1,0,0,0,0,0,0,0,0,1,0
110,Lewis McIntosh,1884-1884,1,1,0,0,1,0,0,0,0,0,1,0
111,Forbes Maguire,1884-1884,1,1,0,0,0,0,0,0,0,0,1,0
112,John O'Sullivan,1884-1887,2,2,0,0,0,0,0,0,0,0,2,0
113,George Wheeler,1884-1885,2,2,0,0,0,0,0,0,0,0,2,0
114,William Collis,1884-1884,1,1,0,0,0,0,0,0,0,0,1,0
115,Herbert Cook,1884-1884,1,1,0,0,0,0,0,0,0,0,1,0
116,John Fitzgerald,1884-1884,1,1,0,0,0,0,0,0,0,0,1,0
117,William Hallaran,1884-1884,1,1,0,0,0,0,0,0,0,0,1,0
118,Bruce Hamilton,1884-1884,1,1,0,0,0,0,0,0,0,0,1,0
119,Walter Johnstone,1884-1884,1,1,0,0,0,0,0,0,0,0,1,0
120,Charles Jordan,1884-1884,1,1,0,0,0,0,0,0,0,0,1,0
121,John McDaniel,1884-1884,1,1,0,0,0,0,0,0,0,0,1,0
122,Frederick Moore,1884-1886,4,4,0,0,0,0,0,0,0,0,4,0
123,Lambert Moyers,1884-1884,1,1,0,0,0,0,0,0,0,0,1,0
124,Thomas Allen,1885-1885,2,2,0,0,0,0,0,0,0,0,2,0
125,Robert Bradshaw,1885-1885,3,3,0,0,0,0,0,0,0,0,3,0
126,Ernie Crawford,1885-1885,2,2,0,0,0,0,0,0,0,0,2,0
127,Thomas Lyle,1885-1887,6,6,0,0,0,0,0,0,0,1,5,0
128,Harry Neill,1885-1888,9,9,0,0,0,0,0,0,0,2,7,0
129,John Ross,1885-1886,5,5,0,0,0,0,0,0,0,0,5,0
130,Thomas Shanahan,1885-1888,6,6,0,0,1,0,0,0,0,1,5,0
131,Robert Warren,1885-1890,15,15,0,0,1,0,0,0,0,3,11,1
132,J.A. Thompson,1885-1885,2,2,0,0,0,0,0,0,0,0,2,0
133,William Hogg,1885-1885,1,1,0,0,0,0,0,0,0,0,1,0
134,D.V. Hunter,1885-1885,1,1,0,0,0,0,0,0,0,0,1,0
135,Joseph Chambers,1886-1887,5,5,0,0,0,0,0,0,0,1,4,0
136,Victor le Fanu,1886-1892,11,11,0,0,0,0,0,0,0,3,8,0
137,Ralph Massy-Westropp,1886-1886,1,1,0,0,0,0,0,0,0,0,1,0
138,Maxy Carpendale,1886-1888,4,4,0,1,0,0,0,1,0,1,3,0
139,Robert Herrick,1886-1886,1,1,0,0,0,0,0,0,0,0,1,0
140,James McMordie,1886-1886,1,1,0,0,0,0,0,0,0,0,1,0
141,Francis Miller,1886-1886,1,1,0,0,0,0,0,0,0,0,1,0
142,Joseph Ross,1886-1886,1,1,0,0,0,0,0,0,0,0,1,0
143,Frank Stoker,1886-1891,5,5,0,0,0,0,0,0,0,1,4,0
144,James Waites,1886-1891,7,7,0,0,1,0,0,0,0,1,5,1
145,John Dick,1887-1887,3,3,0,0,0,0,0,0,0,1,2,0
146,John Macaulay,1887-1887,2,2,0,0,0,0,0,0,0,1,1,0
147,James McLaughlin,1887-1888,4,4,0,0,0,0,0,0,0,2,2,0
148,Robert Montgomery,1887-1892,5,5,0,0,4,0,0,0,0,2,3,0
149,Daniel Rambaut,1887-1888,4,4,0,3,0,3,0,0,0,2,2,0
150,Robert Stevenson,1887-1893,14,14,0,0,0,0,0,0,0,3,9,2
151,Charles Tillie,1887-1888,4,4,0,0,1,0,0,0,0,2,2,0
152,Dolway Walkington,1887-1891,8,8,0,3,0,0,0,1,0,2,5,1
153,Edward Walshe,1887-1893,7,7,0,4,2,0,0,0,0,2,5,0
154,Malcolm Moore,1887-1888,3,3,0,0,0,0,0,0,0,1,2,0
155,W. Davison,1887-1887,1,1,0,0,0,0,0,0,0,0,1,0
156,Patrick O'Connor,1887-1887,1,1,0,0,0,0,0,0,0,0,1,0
157,Thomas Taggart,1887-1887,1,1,0,0,0,0,0,0,0,0,1,0
158,William Ekin,1888-1888,2,2,0,0,0,0,0,0,0,1,1,0
159,Robert Mayne,1888-1888,2,2,0,0,0,0,0,0,0,1,1,0
160,James Moffatt,1888-1891,7,7,0,0,0,0,0,0,0,1,5,1
161,Ernest Stoker,1888-1888,2,2,0,0,0,0,0,0,0,1,1,0
162,William Morton,1888-1888,1,1,0,0,0,0,0,0,0,0,1,0
163,Alfred Walpole,1888-1888,2,2,0,0,0,0,0,0,0,0,2,0
164,Herbert Andrews,1888-1889,3,3,0,0,0,0,0,0,0,1,2,0
165,Michael Bulger,1888-1888,1,1,0,0,0,0,0,0,0,0,1,0
166,Taffy Edwards,1888-1893,6,6,0,0,0,0,0,0,0,1,4,1
167,Edmund Forrest,1888-1897,13,13,0,4,0,0,0,1,0,5,7,1
168,Joseph Jameson,1888-1893,7,7,0,0,0,0,0,0,0,2,4,1
169,John Lytle,1888-1894,8,8,0,5,1,1,0,0,0,4,4,0
170,John O'Conor,1888-1896,17,17,0,0,0,0,0,0,0,6,8,3
171,James Stevenson,1888-1889,2,2,0,1,0,1,0,0,0,0,2,0
172,David Woods,1888-1889,2,2,0,0,1,0,0,0,0,0,2,0
173,Thomas Donovan,1889-1889,1,1,0,0,0,0,0,0,0,0,1,0
174,Luke Holmes,1889-1889,2,2,0,0,0,0,0,0,0,1,1,0
175,Llewellyn Nash,1889-1891,6,6,0,0,0,0,0,0,0,0,5,1
176,Thomas Pedlow,1889-1889,2,2,0,0,0,0,0,0,0,1,1,0
177,Charles Stack,1889-1889,1,1,0,0,0,0,0,0,0,0,1,0
178,Robert Yeates,1889-1889,2,2,0,0,0,0,0,0,0,1,1,0
179,John Cotton,1889-1889,1,1,0,0,1,0,0,0,0,1,0,0
180,Robert Dunlop,1889-1894,11,11,0,1,1,0,0,0,0,2,8,1
181,Alaster McDonnell,1889-1891,4,4,0,0,1,0,0,0,0,1,2,1
182,Henry Richey,1889-1890,2,2,0,0,0,0,0,0,0,1,1,0
183,William Davis,1890-1895,9,9,0,0,0,0,0,0,0,0,8,1
184,Eddie Doran,1890-1890,2,2,0,0,0,0,0,0,0,0,1,1
185,Harry Gifford,1890-1890,1,1,0,0,0,0,0,0,0,0,1,0
186,Ralph Johnston,1890-1890,3,3,0,0,0,0,0,0,0,0,2,1
187,J. Roche,1890-1892,7,7,0,5,0,2,0,0,0,1,5,1
188,Hugh Galbraith,1890-1890,1,1,0,0,0,0,0,0,0,0,0,1
189,Benjamin Tuke,1890-1895,9,9,0,0,0,0,0,0,0,3,6,0
190,Sam Lee,1891-1898,19,19,0,1,1,0,0,0,0,8,9,2
191,Charles Rooke,1891-1897,19,19,0,0,0,0,0,0,0,7,10,2
192,Edwin Cameron,1891-1891,2,2,0,0,0,0,0,0,0,0,2,0
193,George Collopy,1891-1892,2,2,0,0,0,0,0,0,0,0,2,0
194,Edward Frazer,1891-1892,2,2,0,0,0,0,0,0,0,0,2,0
195,Robert Stokes,1891-1891,2,2,0,0,0,0,0,0,0,0,2,0
196,Herbert Wells,1891-1894,4,4,0,3,1,0,0,0,0,2,2,0
197,Thomas Fogarty,1891-1891,1,1,0,0,0,0,0,0,0,0,1,0
198,Robert Pedlow,1891-1891,1,1,0,0,0,0,0,0,0,0,1,0
199,William Gardiner,1892-1898,17,17,0,6,2,0,0,0,0,6,9,2
200,T.J. Johnston,1892-1895,6,6,0,0,0,0,0,0,0,1,4,1
201,Thomas Peel,1892-1892,3,3,0,0,0,0,0,0,0,1,2,0
202,Robert Smith,1892-1892,1,1,0,0,0,0,0,0,0,0,1,0
203,Thomas Thornhill,1892-1893,4,4,0,0,0,0,0,0,0,1,3,0
204,Arthur Wallis,1892-1893,5,5,0,0,0,0,0,0,0,1,4,0
205,Coo Clinch,1892-1897,14,14,0,0,0,0,0,0,0,6,7,1
206,Frederick Davies,1892-1893,5,5,0,2,1,0,0,0,0,1,3,1
207,Michael Egan,1893-1895,2,2,0,0,0,0,0,0,0,0,2,0
208,Sam Gardiner,1893-1893,2,2,0,0,0,0,0,0,0,0,1,1
209,Robert Johnston,1893-1896,5,5,0,0,0,0,0,0,0,3,2,0
210,Harry Lindsay,1893-1898,13,13,0,3,1,0,0,0,0,6,5,2
211,Walter Brown,1893-1894,5,5,0,0,0,0,0,0,0,3,1,1
212,Herbert Forrest,1893-1893,2,2,0,0,0,0,0,0,0,0,1,1
213,Lucius Gwynn,1893-1898,7,7,0,0,0,0,0,0,0,4,2,1
214,Bryan O'Brien,1893-1893,2,2,0,0,0,0,0,0,0,0,1,1
215,Robert Hamilton,1893-1893,1,1,0,0,0,0,0,0,0,0,1,0
216,William Sparrow,1893-1894,2,2,0,0,0,0,0,0,0,1,1,0
217,Tom Crean,1894-1896,13,13,0,9,3,0,0,0,0,8,4,1
218,James Lytle,1894-1899,12,12,0,6,1,0,1,0,0,8,3,1
219,George Walmsley,1894-1894,1,1,0,0,0,0,0,0,0,1,0,0
220,Andrew Bond,1894-1894,2,2,0,0,0,0,0,0,0,2,0,0
221,Patrick Grant,1894-1894,2,2,0,0,0,0,0,0,0,2,0,0
222,Alfred Brunker,1895-1895,2,2,0,0,0,0,0,0,0,0,2,0
223,Hugh McCoull,1895-1899,4,4,0,0,0,0,0,0,0,1,3,0
224,Louis Magee,1895-1904,31,31,0,9,2,0,1,0,0,14,15,2
225,Joseph Magee,1895-1895,2,2,0,0,0,0,0,0,0,0,2,0
226,Thomas Stevenson,1895-1897,7,7,0,3,1,0,0,0,0,3,3,1
227,Glascott Symes,1895-1895,1,1,0,0,0,0,0,0,0,0,1,0
228,John Fulton,1895-1904,16,16,0,0,0,0,0,0,0,6,10,0
229,Edward MacIlwaine,1895-1895,2,2,0,0,0,0,0,0,0,0,2,0
230,Alexander Montgomery,1895-1895,1,1,0,0,0,0,0,0,0,0,1,0
231,Jack O'Connor,1895-1895,1,1,0,0,0,0,0,0,0,0,1,0
232,Bill O'Sullivan,1895-1895,1,1,0,0,0,0,0,0,0,0,1,0
233,Michael Delaney,1895-1895,1,1,0,0,0,0,0,0,0,0,1,0
234,Arthur Gwynn,1895-1895,1,1,0,0,0,0,0,0,0,0,1,0
235,Glyn Allen,1896-1899,9,9,0,3,1,0,0,0,0,6,2,1
236,Lawrence Bulger,1896-1898,12,12,0,25,3,3,2,0,1,7,4,1
237,Bill Byron,1896-1899,11,11,0,0,0,0,0,0,0,7,3,1
238,James Sealy,1896-1900,13,13,0,6,2,0,0,0,0,8,3,2
239,George McAllan,1896-1896,2,2,0,0,0,0,0,0,0,1,0,1
240,John McIlwaine,1897-1899,7,7,0,0,0,0,0,0,0,4,3,0
241,John Ryan,1897-1904,14,14,0,3,1,0,0,0,0,6,7,1
242,Michael Ryan,1897-1904,17,17,0,3,1,0,0,0,0,7,9,1
243,Pierce O'Brien-Butler,1897-1900,6,6,0,0,0,0,0,0,0,3,3,0
244,John Davis,1898-1898,2,2,0,0,0,0,0,0,0,1,1,0
245,James Franks,1898-1898,3,3,0,0,0,0,0,0,0,1,2,0
246,Carmichael Purser,1898-1898,3,3,0,0,0,0,0,0,0,1,2,0
247,Frederick Smithwick,1898-1898,2,2,0,0,0,0,0,0,0,0,2,0
248,Ainsworth Barr,1898-1901,4,4,0,0,0,0,0,0,0,2,2,0
249,Thomas Little,1898-1901,7,7,0,0,0,0,0,0,0,3,3,1
250,Ned McCarthy,1898-1898,1,1,0,0,0,0,0,0,0,0,1,0
251,Thomas Ahearne,1899-1899,1,1,0,0,0,0,0,0,0,1,0,0
252,Barney Allison,1899-1903,12,12,0,4,0,0,0,1,0,4,7,1
253,William Brown,1899-1899,1,1,0,0,0,0,0,0,0,1,0,0
254,Ian Davidson,1899-1903,10,10,0,6,2,0,0,0,0,3,5,2
255,George Harman,1899-1899,2,2,0,0,0,0,0,0,0,2,0,0
256,Tom McGown,1899-1901,7,7,0,0,0,0,0,0,0,5,2,0
257,Edward Campbell,1899-1900,4,4,0,3,1,0,0,0,0,2,2,0
258,Gerry Doran,1899-1904,10,10,0,6,2,0,0,0,0,4,5,1
259,Newry Meares,1896-1900,6,6,0,0,0,0,0,0,0,3,3,0
260,Carl Reid,1899-1903,4,4,0,3,1,0,0,0,0,2,2,0
261,Cecil Moriarty,1899-1899,1,1,0,0,0,0,0,0,0,1,0,0
262,Ellie Allen,1900-1907,21,21,0,3,1,0,0,0,0,6,14,1
263,John Coffey,1900-1910,19,19,0,0,0,0,0,0,0,8,11,0
264,John Ferris,1900-1900,3,3,0,0,0,0,0,0,0,0,2,1
265,Fred Gardiner,1900-1909,22,22,0,15,3,3,0,0,0,8,13,1
266,Samuel Irwin,1900-1903,9,9,0,4,0,2,0,0,0,2,6,1
267,Percy Nicholson,1900-1900,3,3,0,0,0,0,0,0,0,0,2,1
268,Cecil Boyd,1896-1901,4,4,0,0,0,0,0,0,0,1,2,1
269,Bertie Doran,1900-1902,8,8,0,3,1,0,0,0,0,2,5,1
270,Thomas Harvey,1900-1903,8,8,0,0,0,0,0,0,0,2,6,0
271,Albert Freear,1901-1901,3,3,0,3,1,0,0,0,0,1,2,0
272,Patrick Healey,1901-1904,10,10,0,0,0,0,0,0,0,3,7,0
273,Archibald Heron,1901-1901,1,1,0,0,0,0,0,0,0,1,0,0
274,Harry Irvine,1901-1901,1,1,0,2,0,1,0,0,0,0,1,0
275,Hugh Ferris,1901-1903,2,2,0,0,0,0,0,0,0,1,1,0
276,Harry Corley,1902-1904,8,8,0,5,0,1,1,0,0,2,6,0
277,Charles Fitzgerald,1902-1903,3,3,0,0,0,0,0,0,0,1,2,0
278,George Hamlet,1902-1911,30,30,0,0,0,0,0,0,0,12,17,1
279,Alfred Tedford,1902-1908,26,26,0,18,6,0,0,0,0,9,15,2
280,John Pringle,1902-1902,2,2,0,0,0,0,0,0,0,1,1,0
281,Henry Anderson,1903-1906,4,4,0,0,0,0,0,0,0,2,2,0
282,George Harvey,1903-1905,5,5,0,0,0,0,0,0,0,4,1,0
283,Robertson Smyth,1903-1904,6,6,0,0,0,0,0,0,0,1,3,2
284,David Taylor,1903-1903,1,1,0,0,0,0,0,0,0,1,0,0
285,James Wallace,1903-1906,10,10,0,12,4,0,0,0,0,4,6,0
286,George Bradshaw,1903-1903,1,1,0,0,0,0,0,0,0,0,1,0
287,James Parke,1903-1909,20,20,0,36,2,6,5,0,1,6,14,0
288,Fred Kennedy,1904-1904,2,2,0,0,0,0,0,0,0,1,1,0
289,Campbell Robb,1904-1906,5,5,0,3,1,0,0,0,0,1,4,0
290,Thomas Robinson,1904-1907,10,10,0,3,1,0,0,0,0,3,7,0
291,Joseph Wallace,1903-1904,5,5,0,0,0,0,0,0,0,0,3,2
292,Ernest Caddell,1904-1908,13,13,0,6,2,0,0,0,0,6,7,0
293,John Moffatt,1904-1905,4,4,0,12,4,0,0,0,0,2,2,0
294,Reg Edwards,1904-1904,4,4,0,0,0,0,0,0,0,3,1,0
295,Hercules Knox,1904-1908,10,10,0,0,0,0,0,0,0,6,4,0
296,Maurice Landers,1904-1905,5,5,0,0,0,0,0,0,0,3,2,0
297,Henry Millar,1904-1905,4,4,0,0,0,0,0,0,0,3,1,0
298,Harry Thrift,1904-1909,18,18,0,15,5,0,0,0,0,8,10,0
299,Basil MacLear,1905-1907,11,11,0,18,4,3,0,0,0,5,6,0
300,Hugh Wilson,1905-1910,18,18,0,0,0,0,0,0,0,6,12,0
301,Harold Sugars,1905-1907,3,3,0,6,2,0,0,0,0,0,3,0
302,Francis Casement,1906-1906,3,3,0,0,0,0,0,0,0,2,1,0
303,Geoffrey Henebrey,1906-1909,6,6,0,0,0,0,0,0,0,3,3,0
304,William Purdon,1906-1906,3,3,0,3,1,0,0,0,0,2,1,0
305,Michael White,1906-1907,6,6,0,0,0,0,0,0,0,3,3,0
306,Bertie Gotto,1906-1906,1,1,0,0,0,0,0,0,0,0,1,0
307,George McIldowie,1906-1910,4,4,0,3,1,0,0,0,0,0,3,1
308,William Cogan,1907-1907,2,2,0,0,0,0,0,0,0,1,1,0
309,Robert Forbes,1907-1907,1,1,0,0,0,0,0,0,0,1,0,0
310,Thomas Greeves,1907-1909,5,5,0,0,0,0,0,0,0,2,3,0
311,James Sweeney,1907-1907,3,3,0,0,0,0,0,0,0,1,2,0
312,Charles Thompson,1907-1910,13,13,0,15,5,0,0,0,0,4,8,1
313,Frederick Harvey,1907-1911,2,2,0,0,0,0,0,0,0,1,1,0
314,Billy Hinton,1907-1912,16,16,0,4,0,2,0,0,0,6,9,1
315,Charles Adams,1908-1914,16,16,0,3,1,0,0,0,0,10,6,0
316,Herbert Aston,1908-1908,2,2,0,3,1,0,0,0,0,0,2,0
317,Gerald Beckett,1908-1908,3,3,0,3,1,0,0,0,0,1,2,0
318,Thomas Harpur,1908-1908,3,3,0,0,0,0,0,0,0,1,2,0
319,Edward Morphy,1908-1908,1,1,0,0,0,0,0,0,0,0,1,0
320,Frank Smartt,1908-1909,3,3,0,0,0,0,0,0,0,1,2,0
321,Tom Smyth,1908-1912,16,16,0,6,2,0,0,0,0,5,10,1
322,Bethel Solomons,1908-1910,10,10,0,0,0,0,0,0,0,2,7,1
323,Ernest Deane,1909-1909,1,1,0,0,0,0,0,0,0,0,1,0
324,Michael Garry,1909-1911,7,7,0,0,0,0,0,0,0,3,4,0
325,Godfrey Pinion,1909-1909,4,4,0,2,0,1,0,0,0,1,3,0
326,Oliver Piper,1909-1910,9,9,0,0,0,0,0,0,0,2,6,1
327,John Blackham,1909-1910,6,6,0,0,0,0,0,0,0,1,4,1
328,Thomas Halpin,1909-1912,13,13,0,0,0,0,0,0,0,6,6,1
329,Richard Magrath,1909-1909,1,1,0,0,0,0,0,0,0,0,1,0
330,Frederick McCormac,1909-1910,3,3,0,0,0,0,0,0,0,1,2,0
331,Jack O'Connor,1909-1909,1,1,0,3,1,0,0,0,0,1,0,0
332,Alexander Foster,1910-1921,19,19,0,15,5,0,0,0,0,10,8,1
333,Dickie Lloyd,1910-1920,19,19,0,75,2,16,3,7,0,8,10,1
334,Joseph Quinn,1910-1914,15,15,0,27,9,0,0,0,0,8,6,1
335,Harry Read,1910-1913,13,13,0,0,0,0,0,0,0,6,6,1
336,William Riordan,1910-1910,1,1,0,0,0,0,0,0,0,0,0,1
337,Alfred Taylor,1910-1912,4,4,0,3,1,0,0,0,0,1,2,1
338,Herbert Moore,1910-1912,8,8,0,0,0,0,0,0,0,4,4,0
339,Robert Lyle,1910-1910,2,2,0,0,0,0,0,0,0,1,1,0
340,Arthur McClinton,1910-1910,2,2,0,2,0,1,0,0,0,1,1,0
341,Cyril O'Callaghan,1910-1912,7,7,0,6,2,0,0,0,0,5,2,0
342,William Smyth,1910-1920,3,3,0,0,0,0,0,0,0,1,2,0
343,William Beatty,1910-1912,3,3,0,0,0,0,0,0,0,3,0,0
344,William Tyrrell,1910-1914,9,9,0,9,3,0,0,0,0,4,5,0
345,Samuel Campbell,1911-1913,12,12,0,0,0,0,0,0,0,7,5,0
346,Michael Heffernan,1911-1911,4,4,0,3,1,0,0,0,0,3,1,0
347,Alexander Jackson,1911-1914,10,10,0,9,3,0,0,0,0,6,4,0
348,James Smyth,1911-1911,3,3,0,0,0,0,0,0,0,3,0,0
349,Richard Graham,1911-1911,1,1,0,0,0,0,0,0,0,1,0,0
350,William Edwards,1912-1912,2,2,0,0,0,0,0,0,0,1,1,0
351,Robert Hemphill,1912-1912,4,4,0,0,0,0,0,0,0,3,1,0
352,George McConnell,1912-1913,4,4,0,0,0,0,0,0,0,2,2,0
353,Charles MacIvor,1912-1913,7,7,0,3,1,0,0,0,0,4,3,0
354,d'Arcy Patterson,1912-1913,8,8,0,3,1,0,0,0,0,4,4,0
355,Myley Abraham,1912-1914,5,5,0,0,0,0,0,0,0,2,3,0
356,George Killeen,1912-1914,10,10,0,0,0,0,0,0,0,4,6,0
357,George Brown,1912-1912,3,3,0,3,1,0,0,0,0,2,1,0
358,Robin Wright,1912-1912,1,1,0,0,0,0,0,0,0,1,0,0
359,Robert Burgess,1912-1912,1,1,0,0,0,0,0,0,0,0,1,0
360,John Clune,1912-1914,6,6,0,0,0,0,0,0,0,2,4,0
361,George Holmes,1912-1913,3,3,0,0,0,0,0,0,0,0,3,0
362,John Minch,1912-1914,5,5,0,0,0,0,0,0,0,1,4,0
363,Geoffrey Schute,1912-1913,3,3,0,3,1,0,0,0,0,0,3,0
364,Charles Stuart,1912-1912,1,1,0,0,0,0,0,0,0,0,1,0
365,Snipe Watson,1912-1912,1,1,0,0,0,0,0,0,0,0,1,0
366,James Finlay,1913-1920,6,6,0,0,0,0,0,0,0,0,6,0
367,Ernest Jeffares,1913-1913,2,2,0,0,0,0,0,0,0,0,2,0
368,Patrick Stokes,1913-1922,12,12,0,12,4,0,0,0,0,3,9,0
369,Gordon Young,1913-1913,1,1,0,0,0,0,0,0,0,0,1,0
370,Frank Bennett,1913-1913,1,1,0,0,0,0,0,0,0,0,1,0
371,J.W. McConnell,1913-1913,1,1,0,0,0,0,0,0,0,0,1,0
372,Patrick O'Connell,1913-1914,6,6,0,0,0,0,0,0,0,3,3,0
373,Stanhope Polden,1913-1920,4,4,0,0,0,0,0,0,0,2,2,0
374,Albert Stewart,1913-1914,3,3,0,3,1,0,0,0,0,2,1,0
375,Andrew Todd,1913-1914,3,3,0,0,0,0,0,0,0,2,1,0
376,George Wood,1913-1914,2,2,0,0,0,0,0,0,0,1,1,0
377,William Collopy,1914-1924,19,19,0,0,0,0,0,0,0,7,12,0
378,John Dowse,1914-1914,3,3,0,0,0,0,0,0,0,2,1,0
379,Jack Parr,1914-1914,4,4,0,0,0,0,0,0,0,2,2,0
380,Vincent McNamara,1914-1914,3,3,0,3,1,0,0,0,0,1,2,0
381,Frank Montgomery,1914-1914,3,3,0,0,0,0,0,0,0,1,2,0
382,James Taylor,1914-1914,3,3,0,0,0,0,0,0,0,1,2,0
383,Henry Jack,1914-1921,3,3,0,0,0,0,0,0,0,1,2,0
384,Jasper Brett,1914-1914,1,1,0,0,0,0,0,0,0,0,1,0
385,Charles Bryant,1920-1920,2,2,0,0,0,0,0,0,0,0,2,0
386,Nick Butler,1920-1920,1,1,0,0,0,0,0,0,0,0,1,0
387,Henry Coulter,1920-1920,3,3,0,0,0,0,0,0,0,0,3,0
388,William Crawford,1920-1927,30,30,0,18,0,6,2,0,0,12,17,1
389,Robert Crichton,1920-1925,15,15,0,0,0,0,0,0,0,3,11,1
390,William Cullen,1920-1920,1,1,0,0,0,0,0,0,0,0,1,0
391,James Dickson,1920-1920,3,3,0,3,1,0,0,0,0,0,3,0
392,George Doherty,1920-1921,7,7,0,0,0,0,0,0,0,1,6,0
393,Arthur Horan,1920-1920,2,2,0,0,0,0,0,0,0,0,2,0
394,William Roche,1920-1920,3,3,0,0,0,0,0,0,0,0,3,0
395,Thomas Wallace,1920-1920,3,3,0,0,0,0,0,0,0,0,3,0
396,Andy Courtney,1920-1921,7,7,0,0,0,0,0,0,0,1,6,0
397,William Duggan,1920-1920,2,2,0,0,0,0,0,0,0,0,2,0
398,Basil McFarland,1920-1922,4,4,0,4,0,0,0,1,0,0,4,0
399,James O'Neill,1920-1920,1,1,0,0,0,0,0,0,0,0,1,0
400,Alfred Price,1920-1920,2,2,0,3,1,0,0,0,0,0,2,0
401,Patrick Roddy,1920-1920,2,2,0,0,0,0,0,0,0,0,2,0
402,Michael Bradley,1920-1927,19,19,0,0,0,0,0,0,0,9,10,0
403,Bill Cunningham,1920-1924,9,9,0,6,2,0,0,0,0,2,6,1
404,Norman Potterton,1920-1920,1,1,0,0,0,0,0,0,0,0,1,0
405,Decco Browne,1920-1920,1,1,0,0,0,0,0,0,0,0,1,0
406,John Smyth,1920-1920,1,1,0,0,0,0,0,0,0,0,1,0
407,George Stephenson,1920-1930,42,42,0,89,14,13,7,0,0,20,20,2
408,John Bermingham,1921-1921,4,4,0,0,0,0,0,0,0,1,3,0
409,Henry Cormack,1921-1921,3,3,0,0,0,0,0,0,0,1,2,0
410,Denis Cussen,1921-1927,15,15,0,15,5,0,0,0,0,6,9,0
411,Charles Hallaran,1921-1926,15,15,0,0,0,0,0,0,0,6,9,0
412,Thomas McClelland,1921-1924,16,16,0,6,2,0,0,0,0,5,11,0
413,Thomas Mayne,1921-1921,3,3,0,0,0,0,0,0,0,1,2,0
414,Noel Purcell,1921-1921,4,4,0,0,0,0,0,0,0,1,3,0
415,John Thompson,1921-1923,8,8,0,0,0,0,0,0,0,2,6,0
416,Cecil Davidson,1921-1921,1,1,0,0,0,0,0,0,0,0,1,0
417,Thomas Wallis,1921-1922,5,5,0,14,1,4,1,0,0,1,4,0
418,Samuel McVicker,1922-1922,4,4,0,0,0,0,0,0,0,1,3,0
419,Reuben Owens,1922-1922,2,2,0,0,0,0,0,0,0,0,2,0
420,Donal Sullivan,1922-1922,4,4,0,0,0,0,0,0,0,1,3,0
421,Jim Wheeler,1922-1924,5,5,0,0,0,0,0,0,0,1,4,0
422,Joseph Clarke,1922-1924,7,7,0,3,1,0,0,0,0,2,5,0
423,John Egan,1922-1922,1,1,0,0,0,0,0,0,0,0,1,0
424,Ivan Popham,1922-1923,4,4,0,0,0,0,0,0,0,1,3,0
425,Henry Stephenson,1922-1928,14,14,0,12,4,0,0,0,0,5,8,1
426,Joseph Gillespie,1922-1922,2,2,0,0,0,0,0,0,0,1,1,0
427,Joe Stewart,1922-1929,10,10,0,0,0,0,0,0,0,6,3,1
428,Dick Collopy,1923-1925,13,13,0,0,0,0,0,0,0,5,7,1
429,Dunlop Cunningham,1923-1925,6,6,0,0,0,0,0,0,0,3,2,1
430,James Gardiner,1923-1925,13,13,0,3,1,0,0,0,0,5,7,1
431,Robert Gray,1923-1926,4,4,0,0,0,0,0,0,0,2,2,0
432,William Hall,1923-1924,6,6,0,0,0,0,0,0,0,2,4,0
433,Finlay Jackson,1923-1923,1,1,0,0,0,0,0,0,0,0,1,0
434,Robert McClenahan,1923-1923,3,3,0,0,0,0,0,0,0,1,2,0
435,Jack Mahony,1923-1923,1,1,0,0,0,0,0,0,0,0,1,0
436,Peter Dunn,1923-1923,1,1,0,0,0,0,0,0,0,0,1,0
437,Jamie Clinch,1923-1931,30,30,0,0,0,0,0,0,0,16,12,2
438,Arthur Douglas,1923-1928,5,5,0,6,2,0,0,0,0,1,4,0
439,Alfred Atkins,1924-1924,1,1,0,3,1,0,0,0,0,1,0,0
440,William Collis,1924-1926,7,7,0,0,0,0,0,0,0,4,2,1
441,John McDowell,1924-1924,2,2,0,0,0,0,0,0,0,1,1,0
442,Jim McVicker,1924-1930,23,23,0,0,0,0,0,0,0,11,10,2
443,Ian Stuart,1924-1924,2,2,0,0,0,0,0,0,0,0,2,0
444,Frank Hewitt,1924-1927,9,9,0,6,2,0,0,0,0,5,3,1
445,Tom Hewitt,1924-1926,9,9,0,8,2,1,0,0,0,5,3,1
446,Norman Brand,1924-1924,3,3,0,0,0,0,0,0,0,0,3,0
447,Alex Spain,1924-1924,1,1,0,0,0,0,0,0,0,0,1,0
448,Mark Sugden,1925-1931,28,28,0,9,3,0,0,0,0,16,10,2
449,George Beamish,1925-1933,30,30,0,0,0,0,0,0,0,13,15,2
450,William Browne,1925-1928,12,12,0,3,1,0,0,0,0,6,5,1
451,Standish Cagney,1925-1929,13,13,0,0,0,0,0,0,0,9,3,1
452,Eugene Davy,1925-1934,34,34,0,36,8,0,0,3,0,19,14,1
453,Robert Flood,1925-1925,1,1,0,0,0,0,0,0,0,1,0,0
454,Terence Millin,1925-1925,1,1,0,3,1,0,0,0,0,1,0,0
455,Jimmy Farrell,1926-1932,34,34,0,0,0,0,0,0,0,18,15,1
456,Rex Hamilton,1926-1926,1,1,0,0,0,0,0,0,0,1,0,0
457,Joseph Neill,1926-1926,1,1,0,0,0,0,0,0,0,1,0,0
458,Allan Buchanan,1926-1927,6,6,0,0,0,0,0,0,0,4,2,0
459,Charles Payne,1926-1930,16,16,0,0,0,0,0,0,0,10,5,1
460,Jack Gage,1926-1933,5,5,0,3,1,0,0,0,0,4,1,0
461,Charles Hanrahan,1926-1932,20,20,0,3,1,0,0,0,0,11,8,1
462,Maurice Atkinson,1927-1927,2,2,0,0,0,0,0,0,0,1,1,0
463,Jim Ganly,1927-1930,12,12,0,24,7,0,1,0,0,7,5,0
464,Paul Murray,1927-1933,23,23,0,33,1,7,4,1,0,11,12,0
465,Norman Ross,1927-1927,2,2,0,0,0,0,0,0,0,1,1,0
466,Hugh McVicker,1927-1928,5,5,0,3,1,0,0,0,0,3,2,0
467,Theodore Pike,1927-1928,8,8,0,3,1,0,0,0,0,5,3,0
468,Joxer Arigho,1928-1931,16,16,0,18,6,0,0,0,0,8,7,1
469,Thomas Bramwell,1928-1928,1,1,0,0,0,0,0,0,0,1,0,0
470,Reginald Odbert,1928-1928,1,1,0,0,0,0,0,0,0,1,0,0
471,Rowland Byers,1928-1929,5,5,0,0,0,0,0,0,0,3,1,1
472,Jerry Mullane,1928-1928,2,2,0,0,0,0,0,0,0,2,0,0
473,Mike Dunne,1928-1934,16,16,0,0,0,0,0,0,0,7,9,0
474,Hugh Browne,1929-1929,3,3,0,2,0,1,0,0,0,1,1,1
475,John Synge,1929-1929,1,1,0,0,0,0,0,0,0,0,1,0
476,Morgan Crowe,1929-1934,13,13,0,6,2,0,0,0,0,6,6,1
477,Mark Deering,1929-1929,1,1,0,0,0,0,0,0,0,0,0,1
478,Claude Carroll,1930-1930,1,1,0,0,0,0,0,0,0,0,1,0
479,Ted Hunt,1930-1933,5,5,0,6,2,0,0,0,0,2,3,0
480,William McCormick,1930-1930,1,1,0,0,0,0,0,0,0,1,0,0
481,Noel Murphy,1930-1933,11,11,0,0,0,0,0,0,0,5,6,0
482,Henry O'Neill,1930-1933,11,11,0,0,0,0,0,0,0,4,7,0
483,Frederick Williamson,1930-1930,3,3,0,0,0,0,0,0,0,2,1,0
484,Ter Casey,1930-1932,2,2,0,0,0,0,0,0,0,1,1,0
485,Major Egan,1931-1931,3,3,0,0,0,0,0,0,0,1,2,0
486,Edward Lightfoot,1931-1933,11,11,0,9,3,0,0,0,0,5,6,0
487,Jack Russell,1931-1937,19,19,0,6,2,0,0,0,0,8,11,0
488,Jack Siggins,1931-1937,24,24,0,12,1,0,3,0,0,11,13,0
489,Hal Withers,1931-1931,5,5,0,0,0,0,0,0,0,2,3,0
490,Laurence McMahon,1931-1938,12,12,0,12,3,0,1,0,0,5,7,0
491,Victor Pike,1931-1934,13,13,0,3,1,0,0,0,0,5,8,0
492,John Entrican,1931-1931,1,1,0,0,0,0,0,0,0,1,0,0
493,Dermot Morris,1931-1935,6,6,0,0,0,0,0,0,0,2,4,0
494,William Ross,1932-1935,9,9,0,6,2,0,0,0,0,3,6,0
495,Michael Sheehan,1932-1932,1,1,0,0,0,0,0,0,0,0,1,0
496,Shaun Waide,1932-1933,5,5,0,9,3,0,0,0,0,3,2,0
497,Ernest Ridgeway,1932-1935,5,5,0,3,1,0,0,0,0,4,1,0
498,Robin Pratt,1933-1934,5,5,0,0,0,0,0,0,0,1,4,0
499,Bobby Barnes,1933-1933,1,1,0,3,1,0,0,0,0,1,0,0
500,Charles Beamish,1933-1938,12,12,0,3,1,0,0,0,0,5,7,0
501,Paddy Coote,1933-1933,1,1,0,0,0,0,0,0,0,0,1,0
502,Joseph O'Connor,1933-1938,11,11,0,9,3,0,0,0,0,3,8,0
503,Mebs Bardon,1934-1934,1,1,0,0,0,0,0,0,0,0,1,0
504,Bob Graves,1934-1938,17,17,0,0,0,0,0,0,0,6,11,0
505,George Morgan,1934-1939,20,20,0,6,2,0,0,0,0,9,11,0
506,James Rearden,1934-1934,2,2,0,0,0,0,0,0,0,0,2,0
507,Sam Walker,1934-1938,18,18,0,7,1,2,0,0,0,7,11,0
508,Ham Lambert,1934-1934,2,2,0,0,0,0,0,0,0,0,2,0
509,David Lane,1934-1935,4,4,0,0,0,0,0,0,0,1,3,0
510,John Reid,1934-1934,2,2,0,0,0,0,0,0,0,0,2,0
511,Aidan Bailey,1934-1938,13,13,0,22,4,2,2,0,0,6,7,0
512,Daniel Langan,1934-1934,1,1,0,0,0,0,0,0,0,0,1,0
513,Noel McGrath,1934-1934,1,1,0,0,0,0,0,0,0,0,1,0
514,John Megaw,1934-1938,2,2,0,0,0,0,0,0,0,0,2,0
515,Philip Crowe,1935-1938,2,2,0,2,0,1,0,0,0,0,2,0
516,Seamus Deering,1935-1937,9,9,0,0,0,0,0,0,0,5,4,0
517,Patrick Lawlor,1935-1937,6,6,0,3,1,0,0,0,0,4,2,0
518,Mike Sayers,1935-1939,10,10,0,3,0,0,0,0,1,6,4,0
519,Victor Hewitt,1935-1936,6,6,0,4,0,0,0,1,0,4,2,0
520,Jack Doyle,1935-1935,1,1,0,3,1,0,0,0,0,1,0,0
521,Vesey Boyle,1935-1939,11,11,0,3,1,0,0,0,0,5,6,0
522,Thomas Dunn,1935-1935,1,1,0,0,0,0,0,0,0,0,1,0
523,George Malcolmson,1935-1937,7,7,0,0,0,0,0,0,0,4,3,0
524,Clive Wallis,1935-1935,1,1,0,0,0,0,0,0,0,0,1,0
525,Bob Alexander,1936-1939,14,14,0,6,2,0,0,0,0,7,7,0
526,Fred Moran,1936-1939,9,9,0,18,6,0,0,0,0,5,4,0
527,Thomas Corken,1937-1937,3,3,0,0,0,0,0,0,0,2,1,0
528,George Cromey,1937-1939,10,10,0,6,2,0,0,0,0,5,5,0
529,Blair Mayne,1937-1939,9,9,0,3,1,0,0,0,0,4,5,0
530,Charles Reidy,1937-1937,1,1,0,0,0,0,0,0,0,1,0,0
531,Ted Ryan,1937-1938,3,3,0,0,0,0,0,0,0,1,2,0
532,Maurice Daly,1938-1938,1,1,0,3,1,0,0,0,0,0,1,0
533,John Irwin,1938-1939,5,5,0,3,1,0,0,0,0,2,3,0
534,Victor Lyttle,1938-1939,3,3,0,0,0,0,0,0,0,2,1,0
535,David O'Loughlin,1938-1939,6,6,0,3,1,0,0,0,0,2,4,0
536,Ronald Craig,1938-1938,2,2,0,0,0,0,0,0,0,0,2,0
537,Hector Kennedy,1938-1938,2,2,0,0,0,0,0,0,0,0,2,0
538,Donough Tierney,1938-1939,3,3,0,0,0,0,0,0,0,1,2,0
539,Harry McKibbin,1938-1939,7,7,0,12,0,3,2,0,0,3,4,0
540,Desmond Torrens,1938-1939,4,4,0,3,1,0,0,0,0,2,2,0
541,Con Murphy,1939-1947,5,5,0,0,0,0,0,0,0,3,2,0
542,James Ryan,1939-1939,3,3,0,0,0,0,0,0,0,2,1,0
543,Charles Teehan,1939-1939,3,3,0,0,0,0,0,0,0,2,1,0
544,Thomas Headon,1939-1939,2,2,0,0,0,0,0,0,0,1,1,0
545,Robert Agar,1947-1950,10,10,0,0,0,0,0,0,0,5,4,1
546,Colm Callan,1947-1949,10,10,0,0,0,0,0,0,0,7,3,0
547,Ray Carroll,1947-1950,3,3,0,0,0,0,0,0,0,1,2,0
548,John Daly,1947-1948,7,7,0,3,1,0,0,0,0,5,2,0
549,John Harper,1947-1947,3,3,0,0,0,0,0,0,0,2,1,0
550,Donal Hingerty,1947-1947,4,4,0,0,0,0,0,0,0,2,2,0
551,Ernie Keeffe,1947-1948,6,6,0,0,0,0,0,0,0,3,3,0
552,Jackie Kyle,1947-1958,52,52,0,30,9,0,0,1,0,25,22,5
553,Bill McKay,1947-1952,29,29,0,9,3,0,0,0,0,16,10,3
554,Barney Mullan,1947-1948,8,8,0,36,6,6,2,0,0,6,2,0
555,Karl Mullen,1947-1952,28,28,0,0,0,0,0,0,0,16,9,3
556,Matthew Neely,1947-1947,4,4,0,0,0,0,0,0,0,2,2,0
557,Brendan Quinn,1947-1947,1,1,0,0,0,0,0,0,0,0,1,0
558,Kevin Quinn,1947-1953,5,5,0,3,0,0,1,0,0,2,2,1
559,Jack Monteith,1947-1947,3,3,0,0,0,0,0,0,0,2,1,0
560,Bertie O'Hanlon,1947-1950,12,12,0,9,3,0,0,0,0,9,2,1
561,Ernest Strathdee,1947-1949,9,9,0,0,0,0,0,0,0,7,2,0
562,Dudley Higgins,1947-1948,6,6,0,0,0,0,0,0,0,4,2,0
563,Mick Lane,1947-1953,19,19,0,3,1,0,0,0,0,10,6,3
564,Jimmy Corcoran,1947-1948,2,2,0,0,0,0,0,0,0,1,1,0
565,Albert McConnell,1947-1949,7,7,0,0,0,0,0,0,0,5,2,0
566,Desmond McCourt,1947-1947,1,1,0,0,0,0,0,0,0,0,1,0
567,William McKee,1947-1951,12,12,0,6,2,0,0,0,0,7,4,1
568,Jimmy Nelson,1947-1954,20,20,0,9,3,0,0,0,0,11,7,2
569,Kevin O'Flanagan,1947-1947,1,1,0,0,0,0,0,0,0,0,1,0
570,Paddy Reid,1947-1948,4,4,0,3,1,0,0,0,0,3,1,0
571,Richard Wilkinson,1947-1947,1,1,0,0,0,0,0,0,0,0,1,0
572,Jim McCarthy,1948-1955,28,28,0,24,8,0,0,0,0,15,10,3
573,Hugh de Lacy,1948-1948,2,2,0,0,0,0,0,0,0,2,0,0
574,John Mattsson,1948-1948,1,1,0,0,0,0,0,0,0,1,0,0
575,Des O'Brien,1948-1952,20,20,0,3,1,0,0,0,0,12,6,2
576,Mick O'Flanagan,1948-1948,1,1,0,0,0,0,0,0,0,1,0,0
577,Tom Clifford,1949-1952,19,19,0,3,1,0,0,0,0,10,7,2
578,Thomas Cullen,1949-1949,1,1,0,0,0,0,0,0,0,0,1,0
579,Tom Gavin,1949-1949,2,2,0,0,0,0,0,0,0,1,1,0
580,George Norton,1949-1951,11,11,0,41,0,7,9,0,0,7,3,1
581,Leslie Griffin,1949-1949,2,2,0,0,0,0,0,0,0,2,0,0
582,Noel Henderson,1949-1959,41,41,0,54,3,0,14,1,0,18,19,4
583,John Burgess,1950-1950,2,2,0,3,0,0,1,0,0,0,1,1
584,Arthur Curtis,1950-1950,3,3,0,3,1,0,0,0,0,1,1,1
585,Des McKibbin,1950-1951,8,8,0,3,0,0,1,0,0,4,2,2
586,Louis Crowe,1950-1950,3,3,0,3,1,0,0,0,0,1,2,0
587,George Phipps,1950-1952,5,5,0,0,0,0,0,0,0,1,4,0
588,John Blayney,1950-1950,1,1,0,3,1,0,0,0,0,1,0,0
589,Jack Molony,1950-1950,1,1,0,0,0,0,0,0,0,1,0,0
590,Hex Uprichard,1950-1950,2,2,0,0,0,0,0,0,0,1,1,0
591,Richard Chambers,1951-1952,6,6,0,0,0,0,0,0,0,4,1,1
592,Cornelius Griffin,1951-1951,2,2,0,0,0,0,0,0,0,2,0,0
593,John O'Meara,1951-1958,22,22,0,6,2,0,0,0,0,10,9,3
594,John Smith,1951-1954,12,12,0,0,0,0,0,0,0,5,6,1
595,Harry Millar,1951-1952,5,5,0,0,0,0,0,0,0,3,1,1
596,James Brady,1951-1957,12,12,0,0,0,0,0,0,0,6,4,2
597,Patrick Lawlor,1951-1956,12,12,0,3,1,0,0,0,0,5,7,0
598,Angus McMorrow,1951-1951,1,1,0,0,0,0,0,0,0,0,0,1
599,Antony Browne,1951-1951,1,1,0,3,1,0,0,0,0,0,1,0
600,Gerry Murphy,1951-1958,6,6,0,5,0,1,1,0,0,1,5,0
601,Robin Thompson,1951-1956,14,14,0,0,0,0,0,0,0,4,10,0
602,John Notley,1952-1952,2,2,0,2,0,1,0,0,0,2,0,0
603,Mick Dargan,1952-1952,2,2,0,0,0,0,0,0,0,1,1,0
604,Archie O'Leary,1952-1952,3,3,0,0,0,0,0,0,0,1,2,0
605,Niall Bailey,1952-1952,1,1,0,0,0,0,0,0,0,0,1,0
606,Michael Hillary,1952-1952,1,1,0,0,0,0,0,0,0,0,1,0
607,Patrick Kavanagh,1952-1955,2,2,0,0,0,0,0,0,0,0,2,0
608,William O'Neill,1952-1954,6,6,0,0,0,0,0,0,0,2,3,1
609,Robin Roe,1952-1957,21,21,0,0,0,0,0,0,0,7,12,2
610,Fuzzy Anderson,1953-1955,13,13,0,0,0,0,0,0,0,3,8,2
611,Ewart Bell,1953-1953,4,4,0,0,0,0,0,0,0,2,1,1
612,Robin Gregg,1953-1954,7,7,0,12,0,6,0,0,0,3,3,1
613,James Kavanagh,1953-1962,35,35,0,12,4,0,0,0,0,12,21,2
614,Maurice Mortell,1953-1954,9,9,0,15,5,0,0,0,0,3,5,1
615,Tom Reid,1953-1957,15,15,0,0,0,0,0,0,0,4,9,2
616,Seamus Byrne,1953-1955,3,3,0,12,4,0,0,0,0,1,2,0
617,Cecil Pedlow,1953-1963,32,32,0,36,4,6,4,0,0,7,23,2
618,Gerard Reidy,1953-1954,5,5,0,0,0,0,0,0,0,1,4,0
619,Joseph Gaston,1954-1956,8,8,0,3,1,0,0,0,0,1,7,0
620,John Hewitt,1954-1961,4,4,0,0,0,0,0,0,0,1,3,0
621,James Murphy-O'Connor,1954-1954,1,1,0,3,0,0,1,0,0,0,1,0
622,Gordon Wood,1954-1961,31,31,0,3,1,0,0,0,0,10,21,0
623,Robin Godfrey,1954-1954,2,2,0,0,0,0,0,0,0,1,1,0
624,Seamus Kelly,1954-1960,5,5,0,12,0,0,4,0,0,1,4,0
625,Patrick Berkery,1954-1958,11,11,0,5,0,1,1,0,0,6,5,0
626,Herbert McCracken,1954-1954,1,1,0,0,0,0,0,0,0,0,1,0
627,Marney Cunningham,1955-1956,7,7,0,3,1,0,0,0,0,2,4,1
628,William O'Connell,1955-1955,1,1,0,0,0,0,0,0,0,0,1,0
629,Patrick O'Donoghue,1955-1958,11,11,0,0,0,0,0,0,0,4,6,1
630,Tony O'Reilly,1955-1970,39,39,0,30,10,0,0,0,0,15,23,1
631,William Tector,1955-1955,3,3,0,0,0,0,0,0,0,0,2,1
632,Mick Madden,1955-1955,3,3,0,0,0,0,0,0,0,0,2,1
633,Dick Roche,1955-1957,4,4,0,0,0,0,0,0,0,1,2,1
634,Sean McDermott,1955-1955,2,2,0,0,0,0,0,0,0,0,2,0
635,David MacSweeney,1955-1955,1,1,0,0,0,0,0,0,0,0,1,0
636,George Ross,1955-1955,1,1,0,0,0,0,0,0,0,0,1,0
637,Cecil Fagan,1956-1956,3,3,0,0,0,0,0,0,0,1,2,0
638,Adrian Kennedy,1956-1956,1,1,0,0,0,0,0,0,0,0,1,0
639,Jimmy McKelvey,1956-1956,2,2,0,0,0,0,0,0,0,0,2,0
640,Andy Mulligan,1956-1961,23,23,0,0,0,0,0,0,0,7,16,0
641,Sean Quinlan,1956-1958,4,4,0,0,0,0,0,0,0,1,3,0
642,James Ritchie,1956-1956,2,2,0,0,0,0,0,0,0,0,2,0
643,Noel Feddis,1956-1956,1,1,0,0,0,0,0,0,0,0,1,0
644,Brendan Guerin,1956-1956,1,1,0,0,0,0,0,0,0,1,0,0
645,Charlie Lydon,1956-1956,1,1,0,0,0,0,0,0,0,1,0,0
646,Leo Lynch,1956-1956,1,1,0,0,0,0,0,0,0,1,0,0
647,Timothy McGrath,1956-1961,7,7,0,0,0,0,0,0,0,1,6,0
648,Niall Brophy,1957-1967,22,22,0,12,4,0,0,0,0,7,12,3
649,Hubert O'Connor,1957-1957,4,4,0,0,0,0,0,0,0,2,2,0
650,Tony O'Sullivan,1957-1963,15,15,0,3,1,0,0,0,0,5,9,1
651,James Brennan,1957-1957,2,2,0,0,0,0,0,0,0,1,1,0
652,Ronnie Dawson,1958-1964,33,33,0,6,2,0,0,0,0,10,21,2
653,James Donaldson,1958-1958,4,4,0,0,0,0,0,0,0,2,2,0
654,Dave Hewitt,1958-1965,24,24,0,32,2,4,6,0,0,8,16,0
655,Bill Mulcahy,1958-1965,41,41,0,0,0,0,0,0,0,12,25,4
656,Noel Murphy,1958-1969,49,49,0,18,6,0,0,0,0,20,27,2
657,James Stevenson,1958-1958,5,5,0,0,0,0,0,0,0,2,3,0
658,Michael English,1958-1963,16,16,0,9,0,0,0,3,0,3,11,2
659,Eric Brown,1958-1958,1,1,0,0,0,0,0,0,0,0,1,0
660,Dion Glass,1958-1961,4,4,0,0,0,0,0,0,0,0,4,0
661,Syd Millar,1958-1970,46,46,0,0,0,0,0,0,0,14,27,5
662,Gerry Culliton,1959-1964,19,19,0,3,1,0,0,0,0,4,15,0
663,John Dooley,1959-1959,3,3,0,3,1,0,0,0,0,1,2,0
664,Kevin Flynn,1959-1973,22,22,0,17,5,0,0,0,0,8,10,4
665,Walter Bornemann,1960-1960,4,4,0,0,0,0,0,0,0,0,4,0
666,Tom Kiernan,1960-1973,59,59,0,193,2,27,42,2,0,23,28,8
667,Barton McCallan,1960-1960,2,2,0,0,0,0,0,0,0,0,2,0
668,Jerry Walsh,1960-1967,26,26,0,3,1,0,0,0,0,9,15,2
669,Locky Butler,1960-1960,1,1,0,0,0,0,0,0,0,0,1,0
670,Paddy Costello,1960-1960,1,1,0,0,0,0,0,0,0,0,1,0
671,William Armstrong,1960-1961,2,2,0,0,0,0,0,0,0,1,1,0
672,Ronald McCarten,1961-1961,3,3,0,0,0,0,0,0,0,1,2,0
673,Jonathan Moffett,1961-1961,2,2,0,10,0,2,2,0,0,1,1,0
674,Ian Dick,1961-1963,8,8,0,0,0,0,0,0,0,1,5,2
675,Tom Nesdale,1961-1961,1,1,0,0,0,0,0,0,0,0,1,0
676,Dennis Scott,1961-1962,3,3,0,0,0,0,0,0,0,0,3,0
677,Kenneth Houston,1961-1965,6,6,0,0,0,0,0,0,0,2,3,1
678,Jimmy Dick,1962-1962,1,1,0,0,0,0,0,0,0,0,1,0
679,Francis Gilpin,1962-1962,3,3,0,0,0,0,0,0,0,0,3,0
680,Michael Hipwell,1962-1972,12,10,2,0,0,0,0,0,0,5,6,1
681,Ray Hunter,1962-1966,10,10,0,6,1,0,1,0,0,0,7,3
682,Laurence l'Estrange,1962-1962,1,1,0,0,0,0,0,0,0,0,1,0
683,Willie-John McBride,1962-1975,80,80,0,7,2,0,0,0,0,33,34,13
684,Ray McLoughlin,1962-1975,43,43,0,7,2,0,0,0,0,18,18,7
685,John Quirke,1962-1968,3,3,0,0,0,0,0,0,0,1,2,0
686,Noel Turley,1962-1962,1,1,0,0,0,0,0,0,0,0,1,0
687,Gerald Hardy,1962-1962,1,1,0,0,0,0,0,0,0,0,1,0
688,Noel Byrne,1962-1962,1,1,0,0,0,0,0,0,0,0,1,0
689,James Kelly,1962-1964,11,11,0,0,0,0,0,0,0,2,7,2
690,Patrick Dwyer,1962-1964,5,5,0,0,0,0,0,0,0,0,4,1
691,Matthew Kiely,1962-1963,5,5,0,0,0,0,0,0,0,1,2,2
692,Mick O'Callaghan,1962-1964,3,3,0,0,0,0,0,0,0,1,1,1
693,Patrick Casey,1963-1965,12,12,0,9,3,0,0,0,0,4,6,2
694,John Murray,1963-1963,1,1,0,0,0,0,0,0,0,0,1,0
695,Eamonn McGuire,1963-1964,8,8,0,0,0,0,0,0,0,2,5,1
696,Brian Marshall,1963-1963,1,1,0,0,0,0,0,0,0,0,0,1
697,Alan Duggan,1963-1972,25,25,0,34,11,0,0,0,0,14,8,3
698,John Fortune,1963-1964,2,2,0,3,1,0,0,0,0,1,1,0
699,Mike Gibson,1964-1979,81,80,1,112,9,7,16,6,0,31,39,11
700,Fergus Keogh,1964-1964,2,2,0,6,0,0,2,0,0,0,2,0
701,Paddy Lane,1964-1964,1,1,0,0,0,0,0,0,0,0,1,0
702,Mick Leahy,1964-1964,1,1,0,0,0,0,0,0,0,0,1,0
703,Al Moroney,1964-1967,3,3,0,0,0,0,0,0,0,1,2,0
704,Mick Doyle,1965-1968,21,21,0,6,2,0,0,0,0,11,7,3
705,Ken Kennedy,1965-1975,49,49,0,3,1,0,0,0,0,25,17,7
706,Ronnie Lamont,1965-1970,16,16,0,6,2,0,0,0,0,5,8,3
707,Sean MacHale,1965-1967,12,12,0,0,0,0,0,0,0,6,4,2
708,Roger Young,1965-1971,30,30,0,3,1,0,0,0,0,15,11,4
709,Paddy McGrath,1965-1967,10,10,0,12,4,0,0,0,0,6,3,1
710,Henry Wall,1965-1965,2,2,0,0,0,0,0,0,0,1,1,0
711,Mick Molloy,1966-1976,27,27,0,6,2,0,0,0,0,14,10,3
712,Barry Bresnihan,1966-1971,28,28,0,15,5,0,0,0,0,13,10,5
713,Aidan Brady,1966-1968,4,4,0,0,0,0,0,0,0,2,1,1
714,Oliver Waldron,1966-1968,3,3,0,0,0,0,0,0,0,2,1,0
715,Ken Goodall,1967-1970,19,19,0,9,3,0,0,0,0,12,5,2
716,Philo O'Callaghan,1967-1976,21,21,0,0,0,0,0,0,0,10,9,2
717,Harry Rea,1967-1969,2,2,0,0,0,0,0,0,0,2,0,0
718,Brendan Sherry,1967-1968,6,6,0,0,0,0,0,0,0,3,2,1
719,Robert Scott,1967-1968,5,5,0,0,0,0,0,0,0,1,3,1
720,Sam Hutton,1967-1967,4,4,0,0,0,0,0,0,0,3,1,0
721,Terry Moore,1967-1974,12,12,0,4,1,0,0,0,0,5,4,3
722,Billy McCombe,1968-1975,5,5,0,32,1,5,4,2,0,2,3,0
723,Brian O'Brien,1968-1968,3,3,0,0,0,0,0,0,0,1,1,1
724,Thomas Doyle,1968-1968,3,3,0,0,0,0,0,0,0,2,0,1
725,Laurence Hunter,1968-1968,2,2,0,0,0,0,0,0,0,2,0,0
726,John Moroney,1968-1969,6,6,0,20,1,4,3,0,0,5,1,0
727,Jim Tydings,1968-1968,1,1,0,0,0,0,0,0,0,1,0,0
728,James Davidson,1969-1976,6,6,0,0,0,0,0,0,0,3,2,1
729,Barry McGann,1969-1976,25,25,0,72,1,3,15,6,0,11,11,3
730,Colin Grimshaw,1969-1969,1,0,1,0,0,0,0,0,0,1,0,0
731,William Brown,1970-1970,4,4,0,3,1,0,0,0,0,2,1,1
732,Eric Campbell,1970-1970,1,1,0,0,0,0,0,0,0,0,0,1
733,Fergus Slattery,1970-1984,65,65,0,12,3,0,0,0,0,27,30,8
734,Edwin Grant,1971-1971,4,4,0,9,3,0,0,0,0,1,2,1
735,Denis Hickie,1971-1972,6,6,0,0,0,0,0,0,0,3,2,1
736,Sean Lynch,1971-1974,21,21,0,0,0,0,0,0,0,9,7,5
737,Barry O'Driscoll,1971-1971,4,3,1,6,0,0,2,0,0,1,2,1
738,Con Feighery,1972-1972,3,3,0,0,0,0,0,0,0,3,0,0
739,Tom Grace,1972-1978,25,25,0,24,6,0,0,0,0,9,14,2
740,Stewart McKinney,1972-1978,25,24,1,11,2,0,1,0,0,9,15,1
741,Arthur McMaster,1972-1976,18,18,0,8,2,0,0,0,0,8,8,2
742,John Moloney,1972-1980,27,27,0,16,4,0,0,0,0,14,10,3
743,Kevin Mays,1973-1973,4,4,0,0,0,0,0,0,0,1,2,1
744,James Buckley,1973-1973,2,2,0,0,0,0,0,0,0,1,1,0
745,Dick Milliken,1973-1975,18,18,0,12,3,0,0,0,0,9,6,3
746,Anthony Ensor,1973-1978,22,22,0,31,1,0,9,0,0,7,13,2
747,Roger Clegg,1973-1975,5,5,0,0,0,0,0,0,0,3,2,0
748,Seamus Dennison,1973-1975,3,3,0,4,1,0,0,0,0,2,1,0
749,Michael Quinn,1973-1981,10,10,0,18,0,0,4,2,0,3,5,2
750,Vinny Becker,1974-1974,2,2,0,0,0,0,0,0,0,0,1,1
751,Moss Keane,1974-1984,52,52,0,4,1,0,0,0,0,17,31,4
752,Paddy Agnew,1974-1976,2,1,1,0,0,0,0,0,0,0,2,0
753,Shay Deering,1974-1978,8,8,0,0,0,0,0,0,0,1,6,1
754,Patrick Lavery,1974-1976,2,2,0,0,0,0,0,0,0,0,1,1
755,Alan Doherty,1974-1974,1,0,1,0,0,0,0,0,0,0,0,1
756,James Crowe,1974-1974,1,1,0,0,0,0,0,0,0,0,1,0
757,Pat Parfrey,1974-1974,1,1,0,0,0,0,0,0,0,0,1,0
758,Willie Duggan,1975-1984,45,45,0,8,2,0,0,0,0,13,31,1
759,Pa Whelan,1975-1981,19,19,0,0,0,0,0,0,0,3,14,2
760,Michael Sherry,1975-1975,2,2,0,0,0,0,0,0,0,1,1,0
761,Ollie Campbell,1976-1984,29,28,1,243,1,16,61,8,0,11,18,0
762,John Cantrell,1976-1981,9,9,0,0,0,0,0,0,0,1,8,0
763,Ian McIlrath,1976-1977,5,5,0,0,0,0,0,0,0,0,5,0
764,Phelim McLoughlin,1976-1976,1,1,0,0,0,0,0,0,0,0,1,0
765,John Robbie,1976-1981,10,10,0,9,0,0,3,0,0,1,9,0
766,Brendan Foley,1976-1981,11,10,1,0,0,0,0,0,0,2,9,0
767,Philip Orr,1976-1987,59,59,0,0,0,0,0,0,0,20,36,3
768,Donal Canniffe,1976-1976,2,2,0,0,0,0,0,0,0,1,1,0
769,Ronnie Hakin,1976-1977,6,6,0,0,0,0,0,0,0,0,6,0
770,Lawrence Moloney,1976-1978,4,2,2,0,0,0,0,0,0,1,3,0
771,Stephen Blake-Knox,1976-1977,3,2,1,0,0,0,0,0,0,1,2,0
772,Joseph Brady,1976-1976,2,2,0,0,0,0,0,0,0,1,1,0
773,Harold Steele,1976-1979,10,10,0,0,0,0,0,0,0,4,5,1
774,Christopher McKibbin,1976-1976,1,0,1,0,0,0,0,0,0,0,1,0
775,Jimmy Bowen,1977-1977,3,3,0,0,0,0,0,0,0,0,3,0
776,Thomas Feighery,1977-1977,2,2,0,0,0,0,0,0,0,0,2,0
777,Robbie McGrath,1977-1984,16,15,1,4,1,0,0,0,0,6,10,0
778,Alistair McKibbin,1977-1980,14,14,0,0,0,0,0,0,0,3,9,2
779,Frank Wilson,1977-1977,3,3,0,0,0,0,0,0,0,0,3,0
780,Ned Byrne,1977-1978,6,6,0,0,0,0,0,0,0,0,6,0
781,Charles Murtagh,1977-1977,1,1,0,0,0,0,0,0,0,0,1,0
782,Raymond Finn,1977-1977,1,1,0,0,0,0,0,0,0,0,1,0
783,Freddie McLennan,1977-1981,18,18,0,16,4,0,0,0,0,2,14,2
784,Mick Fitzpatrick,1978-1985,10,9,1,0,0,0,0,0,Null,3,6,1
785,Paul McNaughton,1978-1981,15,15,0,0,0,0,0,0,Null,6,7,2
786,John O'Driscoll,1978-1984,32,32,0,12,3,0,0,0,Null,12,20,0
787,Donal Spring,1978-1981,7,7,0,0,0,0,0,0,Null,3,3,1
788,Tony Ward,1978-1987,20,19,1,131,0,7,34,5,Null,5,13,2
789,Terry Kennedy,1978-1981,13,12,1,4,1,0,0,0,Null,5,7,1
790,Colin Patterson,1978-1980,14,14,0,20,5,0,0,0,Null,5,7,2
791,Michael Gibson,1979-1988,10,9,1,0,0,0,0,0,Null,3,5,2
792,Ginger McLoughlin,1979-1984,18,18,0,4,1,0,0,0,Null,9,7,2
793,Dick Spring,1979-1979,3,3,0,0,0,0,0,0,Null,1,1,1
794,Colm Tucker,1979-1980,5,4,1,0,0,0,0,0,Null,1,3,1
795,Moss Finn,1979-1986,14,14,0,16,4,0,0,0,Null,7,7,0
796,Ron Elliott,1979-1979,1,1,0,0,0,0,0,0,Null,0,0,1
797,Ciaran Fitzgerald,1979-1986,29,29,0,4,1,0,0,0,Null,13,15,1
798,Rodney O'Donnell,1979-1980,6,6,0,0,0,0,0,0,Null,4,2,0
799,Frank Ennis,1979-1979,1,0,1,0,0,0,0,0,Null,1,0,0
800,James Glennon,1980-1987,7,5,2,0,0,0,0,0,Null,3,4,0
801,Kevin O'Brien,1980-1981,3,2,1,4,1,0,0,0,Null,0,3,0
802,Ian Burns,1980-1980,1,0,1,0,0,0,0,0,Null,0,1,0
803,David Irwin,1980-1990,28,27,1,8,2,0,0,0,Null,7,21,0
804,Hugo MacNeill,1981-1988,40,38,2,46,10,0,1,1,Null,15,24,1
805,Francis Quinn,1981-1981,3,3,0,0,0,0,0,0,Null,0,3,0
806,Kenneth Hooks,1981-1991,6,6,0,4,1,0,0,0,Null,2,4,0
807,Paul Dean,1981-1989,32,32,0,19,4,0,0,1,Null,13,18,1
808,Jerry Holland,1981-1986,3,3,0,0,0,0,0,0,Null,0,3,0
809,John Murphy,1981-1984,3,2,1,5,0,1,1,0,Null,1,2,0
810,John Hewitt,1981-1981,2,0,2,0,0,0,0,0,Null,0,2,0
811,Donal Lenihan,1981-1992,53,53,0,4,1,0,0,0,Null,21,31,1
812,Trevor Ringland,1981-1988,36,36,0,36,9,0,0,0,Null,14,21,1
813,Michael Kiernan,1982-1991,46,45,1,308,6,40,62,6,Null,18,27,1
814,Keith Crossan,1982-1992,41,41,0,48,12,0,0,0,Null,17,23,1
815,Ronan Kearney,1982-1986,4,4,0,0,0,0,0,0,Null,0,4,0
816,Rory Moroney,1984-1985,3,3,0,0,0,0,0,0,Null,0,2,1
817,William Duncan,1984-1984,2,2,0,0,0,0,0,0,Null,0,2,0
818,JJ McCoy,1984-1989,16,16,0,0,0,0,0,0,Null,7,8,1
819,Harry Harbison,1984-1987,8,7,1,0,0,0,0,0,Null,3,5,0
820,Tony Doyle,1984-1984,2,2,0,0,0,0,0,0,Null,0,2,0
821,Des Fitzgerald,1984-1992,35,33,2,0,0,0,0,0,Null,8,26,1
822,Derek McGrath,1984-1987,5,5,0,0,0,0,0,0,Null,2,3,0
823,Hugh Condon,1984-1984,1,0,1,0,0,0,0,0,Null,0,1,0
824,Willie Anderson,1984-1990,27,27,0,4,1,0,0,0,Null,10,16,1
825,Michael Bradley,1984-1995,40,40,0,21,5,0,0,0,Null,15,23,2
826,Philip Matthews,1984-1992,38,38,0,16,4,0,0,0,Null,12,24,2
827,Brendan Mullin,1984-1995,57,57,0,72,17,1,0,0,Null,19,37,1
828,William Sexton,1984-1988,3,3,0,0,0,0,0,0,Null,1,2,0
829,Nigel Carr,1985-1987,12,12,0,0,0,0,0,0,Null,6,5,1
830,Brian Spillane,1985-1989,13,11,2,4,1,0,0,0,Null,5,7,1
831,Brian McCall,1985-1986,3,2,1,4,1,0,0,0,Null,0,2,1
832,Robert Morrow,1986-1986,3,3,0,0,0,0,0,0,Null,0,3,0
833,Paul Kennedy,1986-1986,2,2,0,0,0,0,0,0,Null,0,2,0
834,Ralph Keyes,1986-1992,8,8,0,94,1,9,22,2,Null,2,6,0
835,Terry Kingston,1987-1996,30,28,2,8,2,0,0,0,Null,14,15,1
836,Paul Collins,1987-1990,2,1,1,0,0,0,0,0,Null,1,1,0
837,John McDonald,1987-1990,4,3,1,0,0,0,0,0,Null,2,2,0
838,Neil Francis,1987-1996,36,36,0,19,4,0,0,0,Null,13,22,1
839,Job Langbroek,1987-1987,1,1,0,0,0,0,0,0,Null,1,0,0
840,Phil Danaher,1988-1995,28,27,1,6,0,0,2,0,Null,9,18,1
841,John Fitzgerald,1988-1994,12,12,0,4,1,0,0,0,Null,3,8,1
842,Don Whittle,1988-1988,1,1,0,0,0,0,0,0,Null,0,1,0
843,Tom Clancy,1988-1989,9,9,0,0,0,0,0,0,Null,3,6,0
844,Denis McBride,1988-1997,32,29,3,18,4,0,0,0,Null,12,19,1
845,Michael Moylett,1988-1988,1,1,0,0,0,0,0,0,Null,0,1,0
846,Fergus Aherne,1988-1992,16,15,1,4,1,0,0,0,Null,4,12,0
847,Vince Cunningham,1988-1994,16,14,2,14,3,1,0,0,Null,7,9,0
848,John Sexton,1988-1989,4,4,0,7,1,0,0,1,Null,2,2,0
849,Steve Smith,1988-1993,25,25,0,8,2,0,0,0,Null,4,20,1
850,Noel Mannion,1988-1993,16,15,1,12,3,0,0,0,Null,6,10,0
851,Pat O'Hara,1988-1994,15,14,1,4,1,0,0,0,Null,7,8,0
852,Fergus Dunlea,1989-1989,3,3,0,4,1,0,0,0,Null,1,2,0
853,Paul Haycock,1989-1989,1,1,0,0,0,0,0,0,Null,0,1,0
854,Nick Popplewell,1989-1998,51,49,2,13,3,0,0,0,Null,16,34,1
855,Philip Rainey,1989-1989,1,1,0,0,0,0,0,0,Null,0,1,0
856,Brian Smith,1987-1991,15,14,1,52,4,9,4,2,Null,6,7,2
857,Gary Halpin,1990-1995,11,10,1,5,1,0,0,0,Null,3,8,0
858,Kenny Murphy,1990-1992,11,8,3,0,0,0,0,0,Null,2,8,1
859,Peter Russell,1990-1992,4,4,0,23,0,4,5,0,Null,0,4,0
860,Paddy Johns,1990-2000,59,57,2,20,4,0,0,0,Null,22,36,1
861,Philip Lawlor,1990-1993,3,3,0,0,0,0,0,0,Null,1,2,0
862,Alain Rolland,1990-1995,3,1,2,0,0,0,0,0,Null,2,1,0
863,Mick Galwey,1991-2002,41,36,5,15,3,0,0,0,Null,18,20,3
864,Simon Geoghegan,1991-1996,37,37,0,51,11,0,0,0,Null,12,23,2
865,Gordon Hamilton,1991-1992,10,10,0,4,1,0,0,0,Null,2,7,1
866,Brian Rigney,1991-1992,8,7,1,0,0,0,0,0,Null,0,7,1
867,Brian Robinson,1991-1994,25,25,0,25,6,0,0,0,Null,5,18,2
868,Rob Saunders,1991-1994,12,11,1,0,0,0,0,0,Null,2,9,1
869,Jack Clarke,1991-1992,6,5,1,4,1,0,0,0,Null,1,4,1
870,David Curtis,1991-1992,13,12,1,7,1,0,0,1,Null,2,10,1
871,Jim Staples,1991-1997,26,26,0,25,5,2,0,0,Null,6,19,1
872,Richard Wallace,1991-1998,29,28,1,23,5,0,0,0,Null,9,19,1
873,Nicky Barry,1991-1991,1,0,1,0,0,0,0,0,Null,0,1,0
874,Michael Fitzgibbon,1992-1992,6,6,0,0,0,0,0,0,Null,0,6,0
875,Paul Hogan,1992-1992,1,1,0,0,0,0,0,0,Null,0,1,0
876,Derek McAleese,1992-1992,1,1,0,12,0,0,4,0,Null,0,1,0
877,Ronald Carey,1992-1992,2,2,0,0,0,0,0,0,Null,0,2,0
878,Neville Furlong,1992-1992,2,2,0,4,1,0,0,0,Null,0,2,0
879,Kelvin Leahy,1992-1992,1,1,0,0,0,0,0,0,Null,0,1,0
880,Paul McCarthy,1992-1993,5,4,1,0,0,0,0,0,Null,1,4,0
881,Mark McCall,1992-1998,13,11,2,0,0,0,0,0,Null,1,12,0
882,Paddy Kenny,1992-1992,1,0,1,0,0,0,0,0,Null,0,1,0
883,John Murphy,1992-1992,1,1,0,0,0,0,0,0,Null,0,1,0
884,Richard Costello,1993-1993,1,1,0,0,0,0,0,0,Null,0,1,0
885,Niall Malone,1993-1994,3,2,1,9,0,0,3,0,Null,1,2,0
886,Colin Wilkinson,1993-1993,1,1,0,0,0,0,0,0,Null,0,1,0
887,Ciaran Clarke,1993-1998,5,5,0,3,0,0,0,1,Null,2,3,0
888,Peter Clohessy,1993-2002,54,49,5,20,4,0,0,0,Null,24,29,1
889,Brian Glennon,1993-1993,1,0,1,0,0,0,0,0,Null,0,1,0
890,Eric Elwood,1993-1999,35,31,4,296,0,43,68,2,Null,15,19,1
891,Conor O'Shea,1993-2000,35,34,1,44,6,1,3,1,Null,12,22,1
892,Ken O'Connell,1994-1994,2,1,1,0,0,0,0,0,Null,1,1,0
893,Maurice Field,1994-1997,17,10,7,0,0,0,0,0,Null,6,10,1
894,Jonathan Bell,1994-2003,36,31,5,40,8,0,0,0,Null,16,20,0
895,David Corkery,1994-1999,27,25,2,15,3,0,0,0,Null,7,20,0
896,Keith Wood,1994-2003,63,60,3,75,15,0,0,0,Null,26,36,1
897,Niall Woods,1994-1999,8,8,0,5,1,0,0,0,Null,2,6,0
898,Gabriel Fulcher,1994-1998,20,17,3,5,1,0,0,0,Null,7,13,0
899,Alan McGowan,1994-1994,1,1,0,13,0,2,3,0,Null,1,0,0
900,Paul Burke,1995-2003,13,7,6,108,0,12,27,1,Null,7,6,0
901,Anthony Foley,1995-2005,62,59,3,25,5,0,0,0,Null,37,24,1
902,Niall Hogan,1995-1997,13,13,0,5,1,0,0,0,Null,5,8,0
903,Ben Cronin,1995-1997,2,2,0,0,0,0,0,0,Null,0,2,0
904,Eddie Halvey,1995-1997,8,5,3,10,2,0,0,0,Null,4,4,0
905,Davy Tweed,1995-1995,4,4,0,0,0,0,0,0,Null,2,2,0
906,David O'Mahony,1995-1995,1,1,0,0,0,0,0,0,Null,0,1,0
907,Darragh O'Mahony,1995-1998,4,4,0,5,1,0,0,0,Null,1,3,0
908,Paul Wallace,1995-2002,49,38,11,25,5,0,0,0,Null,22,26,1
909,Jeremy Davidson,1995-2001,35,27,8,0,0,0,0,0,Null,15,19,1
910,Chris Saverimutto,1995-1996,3,3,0,0,0,0,0,0,Null,2,1,0
911,Allen Clarke,1995-1998,8,4,4,0,0,0,0,0,Null,4,4,0
912,Henry Hurley,1995-1996,2,1,1,0,0,0,0,0,Null,1,1,0
913,Sean McCahill,1995-1995,1,0,1,0,0,0,0,0,Null,1,0,0
914,Victor Costello,1996-2004,39,29,10,20,4,0,0,0,Null,20,19,0
915,Kurt McQuilkin,1996-1997,5,4,1,0,0,0,0,0,Null,1,4,0
916,David Humphreys,1996-2005,72,44,28,560,6,88,110,8,Null,37,34,1
917,Simon Mason,1996-1996,3,3,0,42,0,3,12,0,Null,1,2,0
918,Rob Henderson,1996-2003,32,19,13,30,6,0,0,0,Null,16,16,0
919,James Topping,1996-2003,8,8,0,5,1,0,0,0,Null,2,6,0
920,Dominic Crotty,1996-2000,5,5,0,0,0,0,0,0,Null,1,3,1
921,Stephen McIvor,1996-1997,3,2,1,0,0,0,0,0,Null,0,3,0
922,Eric Miller,1997-2005,49,28,21,30,6,0,0,0,Null,29,19,1
923,Paul Flavin,1997-1997,2,1,1,0,0,0,0,0,Null,0,2,0
924,Denis Hickie,1997-2007,63,63,0,145,29,0,0,0,Null,40,22,1
925,Ross Nesdale,1997-1999,13,7,6,0,0,0,0,0,Null,6,7,0
926,Brian O'Meara,1997-2003,9,2,7,0,0,0,0,0,Null,5,4,0
927,Kieron Dawson,1997-2003,21,17,4,10,2,0,0,0,Null,14,7,0
928,Conor McGuinness,1997-1999,14,13,1,5,1,0,0,0,Null,4,10,0
929,John McWeeney,1997-1997,1,1,0,0,0,0,0,0,Null,0,1,0
930,Kevin Nowlan,1997-1997,3,3,0,10,2,0,0,0,Null,1,2,0
931,Malcolm O'Kelly,1997-2009,92,80,12,40,8,0,0,0,Null,51,41,0
932,David Erskine,1997-1997,3,2,1,0,0,0,0,0,Null,1,2,0
933,Kevin Maggs,1997-2005,70,59,11,75,15,0,0,0,Null,39,30,1
934,Reggie Corrigan,1997-2006,47,40,7,0,0,0,0,0,Null,27,20,0
935,Dylan O'Grady,1997-1997,1,1,0,0,0,0,0,0,Null,0,1,0
936,Andy Ward,1998-2001,28,20,8,15,3,0,0,0,Null,12,15,1
937,Killian Keane,1998-1998,1,0,1,0,0,0,0,0,Null,0,1,0
938,Justin Bishop,1998-2003,25,25,0,40,8,0,0,0,Null,9,15,1
939,Justin Fitzpatrick,1998-2003,26,9,17,0,0,0,0,0,Null,15,10,1
940,Dion O'Cuinneagain,1998-2000,19,16,3,5,1,0,0,0,Null,8,11,0
941,Trevor Brennan,1998-2001,13,5,8,0,0,0,0,0,Null,6,7,0
942,Pat Duignan,1998-1998,2,2,0,5,1,0,0,0,Null,2,0,0
943,Girvan Dempsey,1998-2008,82,68,14,95,19,0,0,0,Null,50,32,0
944,Cieran Scally,1998-1999,4,2,2,10,2,0,0,0,Null,3,1,0
945,Matt Mostyn,1999-1999,6,6,0,15,3,0,0,0,Null,3,3,0
946,Brian O'Driscoll,1999-2014,141,140,1,250,47,0,0,5,Null,82,57,2
947,Tom Tierney,1999-2000,8,8,0,5,1,0,0,0,Null,3,5,0
948,Mike Mullins,1999-2003,16,10,6,15,3,0,0,0,Null,12,3,1
949,Bob Casey,1999-2009,7,3,4,5,1,0,0,0,Null,3,3,1
950,Gordon D'Arcy,1999-2015,83,74,9,35,7,0,0,0,Null,53,28,2
951,Angus McKeen,1999-1999,1,0,1,0,0,0,0,0,Null,1,0,0
952,Alan Quinlan,1999-2008,27,11,16,30,6,0,0,0,Null,19,8,0
953,Simon Easterby,2000-2008,67,59,8,45,9,0,0,0,Null,43,23,1
954,John Hayes,2000-2011,107,100,7,10,2,0,0,0,Null,67,37,3
955,Shane Horgan,2000-2009,69,62,7,105,21,0,0,0,Null,40,27,2
956,Ronan O'Gara,2000-2013,130,87,43,1083,16,176,202,15,Null,73,54,3
957,Peter Stringer,2000-2011,98,81,17,30,6,0,0,0,Null,67,30,1
958,Peter McKenna,2000-2000,1,1,0,0,0,0,0,0,Null,0,1,0
959,David Wallace,2000-2011,75,68,7,60,12,0,0,0,Null,45,29,1
960,Guy Easterby,2000-2005,28,7,21,30,6,0,0,0,Null,24,3,1
961,Tyrone Howe,2000-2004,14,13,1,30,6,0,0,0,Null,11,3,0
962,Geordan Murphy,2000-2011,74,57,17,98,18,1,1,1,Null,43,29,2
963,Marcus Horan,2000-2011,67,48,19,30,6,0,0,0,Null,44,23,0
964,Frank Sheahan,2000-2007,29,11,18,25,5,0,0,0,Null,23,6,0
965,Gary Longwell,2000-2004,26,18,8,5,1,0,0,0,Null,17,9,0
966,Emmet Byrne,2001-2003,9,1,8,0,0,0,0,0,Null,6,3,0
967,Shane Byrne,2001-2005,45,34,11,15,3,0,0,0,Null,30,14,1
968,Mick O'Driscoll,2001-2011,23,10,13,0,0,0,0,0,Null,11,12,0
969,Jeremy Staunton,2001-2007,5,2,3,21,1,2,4,0,Null,3,2,0
970,Paul O'Connell,2002-2015,115,106,9,40,8,0,0,0,Null,69,44,2
971,Keith Gleeson,2002-2007,27,22,5,20,4,0,0,0,Null,15,12,0
972,John Kelly,2002-2003,17,13,4,40,8,0,0,0,Null,12,5,0
973,Leo Cullen,2002-2011,32,15,17,0,0,0,0,0,Null,25,7,0
974,Donncha O'Callaghan,2003-2013,98,70,28,5,1,0,0,0,Null,53,41,4
975,Mark McHugh,2003-2003,1,1,0,5,1,0,0,0,Null,1,0,0
976,Simon Best,2003-2007,23,8,15,5,1,0,0,0,Null,17,6,0
977,Anthony Horgan,2003-2005,7,6,1,5,1,0,0,0,Null,5,2,0
978,Aidan McCullen,2003-2003,1,1,0,0,0,0,0,0,Null,1,0,0
979,Paul Shields,2003-2003,2,0,2,0,0,0,0,0,Null,2,0,0
980,Gavin Duffy,2004-2009,10,7,3,18,3,0,1,0,Null,5,5,0
981,Johnny O'Connor,2004-2006,12,10,2,5,1,0,0,0,Null,8,4,0
982,Tommy Bowe,2004-2017,74,72,2,150,30,0,0,0,Null,40,32,2
983,Denis Leamy,2004-2011,57,41,16,10,2,0,0,0,Null,36,20,1
984,Matt McCullough,2005-2005,4,2,2,0,0,0,0,0,Null,2,2,0
985,Roger Wilson,2005-2005,1,1,0,0,0,0,0,0,Null,1,0,0
986,Kieran Campbell,2005-2005,3,1,2,0,0,0,0,0,Null,3,0,0
987,Trevor Hogan,2005-2007,4,1,3,0,0,0,0,0,Null,3,1,0
988,Bernard Jackman,2005-2008,9,2,7,0,0,0,0,0,Null,4,5,0
989,David Quinlan,2005-2005,2,1,1,0,0,0,0,0,Null,2,0,0
990,Kieran Lewis,2005-2007,3,1,2,0,0,0,0,0,Null,1,2,0
991,Neil Best,2005-2007,18,9,9,10,2,0,0,0,Null,8,10,0
992,Rory Best,2005-2019,124,102,22,60,12,0,0,0,Null,73,48,3
993,Andrew Trimble,2005-2017,70,57,13,85,17,0,0,0,Null,38,30,2
994,Jerry Flannery,2005-2011,41,25,16,15,3,0,0,0,Null,23,17,1
995,Eoin Reddan,2006-2016,71,26,45,10,2,0,0,0,Null,34,35,2
996,Isaac Boss,2006-2015,22,8,14,15,3,0,0,0,Null,14,8,0
997,Bryan Young,2006-2007,8,5,3,0,0,0,0,0,Null,3,5,0
998,Paddy Wallace,2006-2012,30,16,14,53,2,11,7,0,Null,17,12,1
999,Stephen Ferris,2006-2012,35,30,5,10,2,0,0,0,Null,19,14,2
1000,Luke Fitzgerald,2006-2015,35,24,11,20,4,0,0,0,Null,16,17,2
1001,Jamie Heaslip,2006-2017,100,96,4,65,13,0,0,0,Null,52,44,4
1002,Brian Carney,2007-2007,4,3,1,5,1,0,0,0,Null,1,3,0
1003,Tony Buckley,2007-2011,25,9,16,10,2,0,0,0,Null,11,14,0
1004,Barry Murphy,2007-2009,4,3,1,5,1,0,0,0,Null,2,2,0
1005,Tomas O'Leary,2007-2012,24,19,5,15,3,0,0,0,Null,13,10,1
1006,Shane Jennings,2007-2012,13,6,7,5,1,0,0,0,Null,6,7,0
1007,Rob Kearney,2007-2019,98,93,5,87,17,1,0,0,Null,53,42,3
1008,Keith Earls,2008-2020,86,75,11,150,30,0,0,0,Null,51,31,4
1009,Donnacha Ryan,2008-2017,47,26,21,0,0,0,0,0,Null,21,23,3
1010,Tom Court,2009-2013,32,8,24,5,1,0,0,0,Null,18,13,1
1011,Darren Cave,2009-2015,11,9,2,10,2,0,0,0,Null,9,2,0
1012,Ian Dowling,2009-2009,2,2,0,0,0,0,0,0,Null,2,0,0
1013,Ian Keatley,2009-2017,7,3,4,37,0,5,9,0,Null,7,0,0
1014,John Muldoon,2009-2010,3,3,0,0,0,0,0,0,Null,2,1,0
1015,Niall Ronan,2009-2011,4,4,0,0,0,0,0,0,Null,2,2,0
1016,Ian Whitten,2009-2009,2,2,0,10,2,0,0,0,Null,2,0,0
1017,Ryan Caldwell,2009-2009,2,0,2,0,0,0,0,0,Null,2,0,0
1018,Mike Ross,2009-2016,61,59,2,0,0,0,0,0,Null,37,22,2
1019,Denis Hurley,2009-2009,1,0,1,0,0,0,0,0,Null,1,0,0
1020,Cian Healy,2009-2020,102,80,22,30,6,0,0,0,Null,61,38,3
1021,Johnny Sexton,2009-2020,100,90,10,855,15,120,176,4,Null,60,37,3
1022,Sean Cronin,2009-2019,72,10,62,30,6,0,0,0,Null,46,23,3
1023,Sean O'Brien,2009-2019,61,53,8,35,7,0,0,0,Null,32,26,3
1024,Kevin McLaughlin,2010-2013,8,4,4,0,0,0,0,0,Null,2,6,0
1025,John Fogarty,2010-2010,1,0,1,0,0,0,0,0,Null,0,1,0
1026,Dan Tuohy,2010-2015,11,6,5,5,1,0,0,0,Null,6,5,0
1027,Chris Henry,2010-2015,24,15,9,20,4,0,0,0,Null,17,7,0
1028,Rhys Ruddock,2010-2019,26,12,14,20,4,0,0,0,Null,18,7,1
1029,Damien Varley,2010-2014,3,0,3,0,0,0,0,0,Null,2,1,0
1030,Devin Toner,2010-2020,70,53,17,10,2,0,0,0,Null,50,19,1
1031,Fergus McFadden,2011-2018,34,15,19,50,10,0,0,0,Null,19,13,2
1032,Mike McCarthy,2011-2016,19,12,7,0,0,0,0,0,Null,8,9,2
1033,Felix Jones,2011-2015,13,5,8,15,3,0,0,0,Null,9,4,0
1034,Conor Murray,2011-2020,90,81,9,100,15,5,5,0,Null,50,36,4
1035,Peter O'Mahony,2012-2020,72,61,11,10,2,0,0,0,Null,45,25,2
1036,Declan Fitzpatrick,2012-2013,7,1,6,0,0,0,0,0,Null,3,4,0
1037,Simon Zebo,2012-2017,35,30,5,45,9,0,0,0,Null,25,9,1
1038,Ronan Loughney,2012-2012,1,0,1,0,0,0,0,0,Null,0,1,0
1039,Richardt Strauss,2012-2016,17,8,9,10,2,0,0,0,Null,10,7,0
1040,Michael Bent,2012-2015,4,0,4,0,0,0,0,0,Null,3,1,0
1041,Iain Henderson,2012-2020,56,31,25,25,5,0,0,0,Null,38,17,1
1042,Dave Kilcoyne,2012-2020,39,8,31,5,1,0,0,0,Null,28,11,0
1043,Craig Gilroy,2012-2017,10,8,2,25,5,0,0,0,Null,6,4,0
1044,Paddy Jackson,2013-2017,25,14,11,195,2,46,30,1,Null,15,9,1
1045,Luke Marshall,2013-2017,11,11,0,10,2,0,0,0,Null,6,4,1
1046,Ian Madigan,2013-2016,30,6,24,121,2,27,19,0,Null,19,9,2
1047,Stephen Archer,2013-2013,2,0,2,0,0,0,0,0,Null,0,2,0
1048,Paul Marshall,2013-2013,3,0,3,0,0,0,0,0,Null,2,1,0
1049,Robbie Henshaw,2013-2020,46,41,5,35,7,0,0,0,Null,29,16,1
1050,Stuart Olding,2013-2016,4,3,1,5,1,0,0,0,Null,2,2,0
1051,Jamie Hagan,2013-2013,1,0,1,0,0,0,0,0,Null,1,0,0
1052,Tommy O'Donnell,2013-2019,13,7,6,10,2,0,0,0,Null,11,1,1
1053,Mike Sherry,2013-2013,1,0,1,0,0,0,0,0,Null,1,0,0
1054,James Downey,2013-2013,1,1,0,0,0,0,0,0,Null,1,0,0
1055,Jack McGrath,2013-2019,59,34,25,10,2,0,0,0,Null,40,17,2
1056,Dave Kearney,2013-2019,19,15,4,25,5,0,0,0,Null,12,6,1
1057,Marty Moore,2014-2015,10,0,10,0,0,0,0,0,Null,8,2,0
1058,Jordi Murphy,2014-2019,30,16,14,15,3,0,0,0,Null,24,6,0
1059,Robbie Diack,2014-2014,2,2,0,0,0,0,0,0,Null,2,0,0
1060,Rodney Ah You,2014-2014,3,0,3,0,0,0,0,0,Null,3,0,0
1061,Kieran Marmion,2014-2019,27,8,19,25,5,0,0,0,Null,22,5,0
1062,James Cronin,2014-2016,3,0,3,0,0,0,0,0,Null,2,1,0
1063,Rob Herring,2014-2020,14,8,6,5,1,0,0,0,Null,10,4,0
1064,Noel Reid,2014-2014,1,0,1,0,0,0,0,0,Null,1,0,0
1065,Jared Payne,2014-2017,20,20,0,20,4,0,0,0,Null,14,5,1
1066,Dave Foley,2014-2014,2,1,1,0,0,0,0,0,Null,2,0,0
1067,Dominic Ryan,2014-2014,1,1,0,0,0,0,0,0,Null,1,0,0
1068,Robin Copeland,2014-2014,1,0,1,0,0,0,0,0,Null,1,0,0
1069,Jack Conan,2015-2019,17,12,5,30,6,0,0,0,Null,15,2,0
1070,Nathan White,2015-2016,13,4,9,0,0,0,0,0,Null,7,5,1
1071,Tadhg Furlong,2015-2020,47,36,11,25,5,0,0,0,Null,29,16,2
1072,CJ Stander,2016-2020,45,41,4,55,11,0,0,0,Null,28,15,2
1073,Stuart McCloskey,2016-2018,3,3,0,5,1,0,0,0,Null,2,1,0
1074,Josh van der Flier,2016-2020,27,20,7,10,2,0,0,0,Null,19,8,0
1075,Ultan Dillane,2016-2020,17,3,14,5,1,0,0,0,Null,12,5,0
1076,Finlay Bealham,2016-2020,13,2,11,0,0,0,0,0,Null,9,4,0
1077,Quinn Roux,2016-2020,14,8,6,15,3,0,0,0,Null,9,5,0
1078,Tiernan O'Halloran,2016-2017,6,3,3,10,2,0,0,0,Null,4,2,0
1079,Sean Reidy,2016-2017,2,0,2,5,1,0,0,0,Null,1,1,0
1080,Matt Healy,2016-2016,1,0,1,0,0,0,0,0,Null,0,1,0
1081,Joey Carbery,2016-2019,22,6,16,78,1,29,5,0,Null,18,4,0
1082,Billy Holland,2016-2016,1,1,0,0,0,0,0,0,Null,1,0,0
1083,Jack O'Donoghue,2016-2017,2,1,1,0,0,0,0,0,Null,2,0,0
1084,Garry Ringrose,2016-2020,30,27,3,42,8,1,0,0,Null,22,8,0
1085,Niyi Adeolokun,2016-2016,1,0,1,0,0,0,0,0,Null,1,0,0
1086,Dan Leavy,2016-2018,11,6,5,15,3,0,0,0,Null,11,0,0
1087,Luke McGrath,2016-2019,19,4,15,15,3,0,0,0,Null,16,3,0
1088,John Ryan,2016-2019,21,6,15,5,1,0,0,0,Null,18,3,0
1089,James Tracy,2016-2017,6,1,5,5,1,0,0,0,Null,6,0,0
1090,Niall Scannell,2017-2019,20,9,11,5,1,0,0,0,Null,17,3,0
1091,Andrew Conway,2017-2020,24,17,7,50,10,0,0,0,Null,21,3,0
1092,Jacob Stockdale,2017-2020,31,30,1,90,18,0,0,0,Null,22,9,0
1093,Dave Heffernan,2017-2020,4,0,4,5,1,0,0,0,Null,3,1,0
1094,Andrew Porter,2017-2020,30,8,22,5,1,0,0,0,Null,22,8,0
1095,James Ryan,2017-2020,30,27,3,15,3,0,0,0,Null,22,8,0
1096,Rory Scannell,2017-2017,3,1,2,6,0,3,0,0,Null,3,0,0
1097,Rory O'Loughlin,2017-2017,1,0,1,0,0,0,0,0,Null,1,0,0
1098,Kieran Treadwell,2017-2017,3,1,2,0,0,0,0,0,Null,3,0,0
1099,John Cooney,2017-2020,11,1,10,7,1,1,0,0,Null,9,2,0
1100,Bundee Aki,2017-2020,29,29,0,25,5,0,0,0,Null,22,7,0
1101,Darren Sweetnam,2017-2018,3,2,1,5,1,0,0,0,Null,3,0,0
1102,Chris Farrell,2017-2020,12,10,2,0,0,0,0,0,Null,9,3,0
1103,Adam Byrne,2017-2017,1,1,0,0,0,0,0,0,Null,1,0,0
1104,Jordan Larmour,2018-2020,24,11,13,35,7,0,0,0,Null,17,7,0
1105,Tadhg Beirne,2018-2020,16,8,8,15,3,0,0,0,Null,11,5,0
1106,Will Addison,2018-2019,4,3,1,0,0,0,0,0,Null,4,0,0
1107,Ross Byrne,2018-2020,9,2,7,13,0,5,1,0,Null,5,4,0
1108,Sammy Arnold,2018-2018,1,0,1,0,0,0,0,0,Null,1,0,0
1109,Jack Carty,2019-2019,10,2,8,16,0,5,2,0,Null,7,3,0
1110,Jean Kleyn,2019-2019,5,4,1,0,0,0,0,0,Null,4,1,0
1111,Mike Haley,2019-2019,1,0,1,0,0,0,0,0,Null,1,0,0
1112,Caelan Doris,2020-2020,6,5,1,0,0,0,0,0,Null,3,3,0
1113,Ronan Kelleher,2020-2020,5,2,3,0,0,0,0,0,Null,3,2,0
1114,Max Deegan,2020-2020,1,0,1,0,0,0,0,0,Null,1,0,0
1115,Will Connors,2020-2020,4,2,2,5,1,0,0,0,Null,2,2,0
1116,Hugo Keenan,2020-2020,4,4,0,10,2,0,0,0,Null,2,2,0
1117,Ed Byrne,2020-2020,3,0,3,0,0,0,0,0,Null,2,1,0
1118,Jamison Gibson-Park,2020-2020,4,2,2,0,0,0,0,0,Null,2,2,0
1119,James Lowe,2020-2020,2,2,0,5,1,0,0,0,Null,1,1,0
1120,Billy Burns,2020-2020,2,0,2,8,0,1,2,0,Null,1,1,0